temperature,fanspeed,code
TRUE,,"sendir,1:1,1,33512,1,1,168,72,12,60,12,24,12,24,12,24,12,60,12,24,12,24,12,24,12,24,12,60,12,24,12,60,12,60,12,24,12,60,12,60,12,60,12,60,12,60,12,24,12,60,12,24,12,24,12,24,12,24,12,24,12,24,12,60,12,24,12,24,12,60,12,24,12,24,12,24,12,60,12,24,12,24,12,24,12,24,12,24,12,24,12,24,12,24,12,24,12,24,12,24,12,24,12,24,12,24,12,60,12,60,12,60,12,24,12,24,12,60,12,24,12,984,168,72,12,60,12,24,12,24,12,24,12,60,12,24,12,24,12,24,12,24,12,60,12,24,12,60,12,60,12,24,12,60,12,60,12,60,12,60,12,60,12,24,12,60,12,24,12,24,12,24,12,24,12,24,12,24,12,60,12,24,12,24,12,60,12,24,12,24,12,24,12,24,12,24,12,24,12,24,12,24,12,24,12,60,12,60,12,24,12,24,12,60,12,60,12,60,12,24,12,24,12,24,12,24,12,24,12,24,12,24,12,24,12,24,12,60,12,24,12,24,12,24,12,24,12,60,12,24,12,24,12,24,12,24,12,24,12,24,12,24,12,24,12,24,12,24,12,24,12,24,12,24,12,24,12,24,12,24,12,24,12,24,12,24,12,60,12,60,12,60,12,24,12,24,12,24,12,24,12,24,12,60,12,24,12,24,12,60,12,24,12,60,12,24,12,24,12,24,12,24,12,24,12,24,12,24,12,24,12,24,12,24,12,24,12,24,12,24,12,24,12,60,12,24,12,24,12,24,12,24,12,24,12,24,12,24,12,24,12,24,12,24,12,24,12,24,12,24,12,24,12,24,12,24,12,24,12,24,12,24,12,24,12,24,12,24,12,24,12,24,12,24,12,24,12,24,12,60,12,60,12,60,12,60,12,24,12,60,12,24,12,3300"
FALSE,,"sendir,1:1,2,33512,1,1,168,72,12,60,12,24,12,24,12,24,12,60,12,24,12,24,12,24,12,24,12,60,12,24,12,60,12,60,12,24,12,60,12,60,12,60,12,60,12,60,12,24,12,60,12,24,12,24,12,24,12,24,12,24,12,24,12,60,12,24,12,24,12,60,12,24,12,24,12,24,12,60,12,24,12,24,12,24,12,24,12,24,12,24,12,24,12,24,12,24,12,24,12,24,12,24,12,24,12,24,12,60,12,60,12,60,12,24,12,24,12,60,12,24,12,984,168,72,12,60,12,24,12,24,12,24,12,60,12,24,12,24,12,24,12,24,12,60,12,24,12,60,12,60,12,24,12,60,12,60,12,60,12,60,12,60,12,24,12,60,12,24,12,24,12,24,12,24,12,24,12,24,12,60,12,24,12,24,12,60,12,24,12,24,12,24,12,24,12,24,12,24,12,24,12,24,12,24,12,60,12,60,12,24,12,24,12,60,12,60,12,60,12,24,12,24,12,24,12,24,12,24,12,24,12,24,12,24,12,24,12,24,12,24,12,24,12,24,12,24,12,60,12,24,12,24,12,24,12,24,12,24,12,24,12,24,12,24,12,24,12,24,12,24,12,24,12,24,12,24,12,24,12,24,12,24,12,24,12,24,12,60,12,60,12,60,12,24,12,24,12,24,12,24,12,24,12,60,12,24,12,24,12,60,12,24,12,60,12,24,12,24,12,24,12,24,12,24,12,24,12,24,12,24,12,24,12,24,12,24,12,24,12,24,12,24,12,60,12,24,12,24,12,24,12,24,12,24,12,24,12,24,12,24,12,24,12,24,12,24,12,24,12,24,12,24,12,24,12,24,12,24,12,24,12,24,12,24,12,24,12,24,12,24,12,24,12,24,12,24,12,60,12,24,12,60,12,60,12,60,12,24,12,60,12,24,12,3300"
16,25,"sendir,1:1,1,33512,1,1,168,72,12,60,12,24,12,24,12,24,12,60,12,24,12,24,12,24,12,24,12,60,12,24,12,60,12,60,12,24,12,60,12,60,12,60,12,60,12,60,12,24,12,60,12,24,12,24,12,24,12,24,12,24,12,24,12,60,12,24,12,24,12,60,12,24,12,24,12,24,12,60,12,24,12,24,12,24,12,24,12,24,12,24,12,24,12,24,12,24,12,24,12,24,12,24,12,24,12,24,12,60,12,60,12,60,12,24,12,24,12,60,12,24,12,984,168,72,12,60,12,24,12,24,12,24,12,60,12,24,12,24,12,24,12,24,12,60,12,24,12,60,12,60,12,24,12,60,12,60,12,60,12,60,12,60,12,24,12,60,12,24,12,24,12,24,12,24,12,24,12,24,12,60,12,24,12,24,12,60,12,24,12,24,12,24,12,24,12,24,12,24,12,24,12,24,12,24,12,60,12,60,12,24,12,24,12,60,12,60,12,60,12,24,12,24,12,24,12,24,12,24,12,24,12,24,12,24,12,24,12,60,12,24,12,24,12,24,12,24,12,60,12,24,12,24,12,24,12,24,12,24,12,24,12,24,12,24,12,24,12,24,12,24,12,24,12,24,12,24,12,24,12,24,12,24,12,24,12,24,12,60,12,60,12,60,12,24,12,24,12,24,12,24,12,24,12,60,12,24,12,24,12,60,12,24,12,24,12,24,12,24,12,24,12,24,12,24,12,24,12,24,12,24,12,24,12,24,12,24,12,24,12,24,12,24,12,60,12,24,12,24,12,24,12,24,12,24,12,24,12,24,12,24,12,24,12,24,12,24,12,24,12,24,12,24,12,24,12,24,12,24,12,24,12,24,12,24,12,24,12,24,12,24,12,24,12,24,12,24,12,24,12,60,12,60,12,60,12,60,12,24,12,24,12,24,12,3300"
16,50,"sendir,1:1,1,33512,1,1,168,72,12,60,12,24,12,24,12,24,12,60,12,24,12,24,12,24,12,24,12,60,12,24,12,60,12,60,12,24,12,60,12,60,12,60,12,60,12,60,12,24,12,60,12,24,12,24,12,24,12,24,12,24,12,24,12,60,12,24,12,24,12,60,12,24,12,24,12,24,12,60,12,24,12,24,12,24,12,24,12,24,12,24,12,24,12,24,12,24,12,24,12,24,12,24,12,24,12,24,12,60,12,60,12,60,12,24,12,24,12,60,12,24,12,984,168,72,12,60,12,24,12,24,12,24,12,60,12,24,12,24,12,24,12,24,12,60,12,24,12,60,12,60,12,24,12,60,12,60,12,60,12,60,12,60,12,24,12,60,12,24,12,24,12,24,12,24,12,24,12,24,12,60,12,24,12,24,12,60,12,24,12,24,12,24,12,24,12,24,12,24,12,24,12,24,12,24,12,60,12,60,12,24,12,24,12,60,12,60,12,60,12,24,12,24,12,24,12,24,12,24,12,24,12,24,12,24,12,24,12,60,12,24,12,24,12,24,12,24,12,60,12,24,12,24,12,24,12,24,12,24,12,24,12,24,12,24,12,24,12,24,12,24,12,24,12,24,12,24,12,24,12,24,12,24,12,24,12,24,12,60,12,60,12,60,12,24,12,24,12,24,12,24,12,24,12,60,12,24,12,24,12,60,12,60,12,24,12,24,12,24,12,24,12,24,12,24,12,24,12,24,12,24,12,24,12,24,12,24,12,24,12,24,12,24,12,60,12,24,12,24,12,24,12,24,12,24,12,24,12,24,12,24,12,24,12,24,12,24,12,24,12,24,12,24,12,24,12,24,12,24,12,24,12,24,12,24,12,24,12,24,12,24,12,24,12,24,12,24,12,24,12,60,12,60,12,60,12,60,12,60,12,24,12,24,12,3300"
16,75,"sendir,1:1,1,33512,1,1,168,72,12,60,12,24,12,24,12,24,12,60,12,24,12,24,12,24,12,24,12,60,12,24,12,60,12,60,12,24,12,60,12,60,12,60,12,60,12,60,12,24,12,60,12,24,12,24,12,24,12,24,12,24,12,24,12,60,12,24,12,24,12,60,12,24,12,24,12,24,12,60,12,24,12,24,12,24,12,24,12,24,12,24,12,24,12,24,12,24,12,24,12,24,12,24,12,24,12,24,12,60,12,60,12,60,12,24,12,24,12,60,12,24,12,984,168,72,12,60,12,24,12,24,12,24,12,60,12,24,12,24,12,24,12,24,12,60,12,24,12,60,12,60,12,24,12,60,12,60,12,60,12,60,12,60,12,24,12,60,12,24,12,24,12,24,12,24,12,24,12,24,12,60,12,24,12,24,12,60,12,24,12,24,12,24,12,24,12,24,12,24,12,24,12,24,12,24,12,60,12,60,12,24,12,24,12,60,12,60,12,60,12,24,12,24,12,24,12,24,12,24,12,24,12,24,12,24,12,24,12,60,12,24,12,24,12,24,12,24,12,60,12,24,12,24,12,24,12,24,12,24,12,24,12,24,12,24,12,24,12,24,12,24,12,24,12,24,12,24,12,24,12,24,12,24,12,24,12,24,12,60,12,60,12,60,12,24,12,24,12,24,12,24,12,24,12,60,12,24,12,24,12,60,12,24,12,60,12,24,12,24,12,24,12,24,12,24,12,24,12,24,12,24,12,24,12,24,12,24,12,24,12,24,12,24,12,60,12,24,12,24,12,24,12,24,12,24,12,24,12,24,12,24,12,24,12,24,12,24,12,24,12,24,12,24,12,24,12,24,12,24,12,24,12,24,12,24,12,24,12,24,12,24,12,24,12,24,12,24,12,24,12,60,12,60,12,60,12,60,12,24,12,60,12,24,12,3300"
16,100,"sendir,1:1,1,33512,1,1,168,72,12,60,12,24,12,24,12,24,12,60,12,24,12,24,12,24,12,24,12,60,12,24,12,60,12,60,12,24,12,60,12,60,12,60,12,60,12,60,12,24,12,60,12,24,12,24,12,24,12,24,12,24,12,24,12,60,12,24,12,24,12,60,12,24,12,24,12,24,12,60,12,24,12,24,12,24,12,24,12,24,12,24,12,24,12,24,12,24,12,24,12,24,12,24,12,24,12,24,12,60,12,60,12,60,12,24,12,24,12,60,12,24,12,984,168,72,12,60,12,24,12,24,12,24,12,60,12,24,12,24,12,24,12,24,12,60,12,24,12,60,12,60,12,24,12,60,12,60,12,60,12,60,12,60,12,24,12,60,12,24,12,24,12,24,12,24,12,24,12,24,12,60,12,24,12,24,12,60,12,24,12,24,12,24,12,24,12,24,12,24,12,24,12,24,12,24,12,60,12,60,12,24,12,24,12,60,12,60,12,60,12,24,12,24,12,24,12,24,12,24,12,24,12,24,12,24,12,24,12,60,12,24,12,24,12,24,12,24,12,60,12,24,12,24,12,24,12,24,12,24,12,24,12,24,12,24,12,24,12,24,12,24,12,24,12,24,12,24,12,24,12,24,12,24,12,24,12,24,12,60,12,60,12,60,12,24,12,24,12,24,12,24,12,24,12,60,12,24,12,24,12,24,12,24,12,24,12,24,12,24,12,24,12,24,12,24,12,24,12,24,12,24,12,24,12,24,12,24,12,24,12,24,12,24,12,60,12,24,12,24,12,24,12,24,12,24,12,24,12,24,12,24,12,24,12,24,12,24,12,24,12,24,12,24,12,24,12,24,12,24,12,24,12,24,12,24,12,24,12,24,12,24,12,24,12,24,12,24,12,24,12,60,12,60,12,60,12,24,12,24,12,24,12,24,12,3300"
17,25,"sendir,1:1,1,33512,1,1,168,72,12,60,12,24,12,24,12,24,12,60,12,24,12,24,12,24,12,24,12,60,12,24,12,60,12,60,12,24,12,60,12,60,12,60,12,60,12,60,12,24,12,60,12,24,12,24,12,24,12,24,12,24,12,24,12,60,12,24,12,24,12,60,12,24,12,24,12,24,12,60,12,24,12,24,12,24,12,24,12,24,12,24,12,24,12,24,12,24,12,24,12,24,12,24,12,24,12,24,12,60,12,60,12,60,12,24,12,24,12,60,12,24,12,984,168,72,12,60,12,24,12,24,12,24,12,60,12,24,12,24,12,24,12,24,12,60,12,24,12,60,12,60,12,24,12,60,12,60,12,60,12,60,12,60,12,24,12,60,12,24,12,24,12,24,12,24,12,24,12,24,12,60,12,24,12,24,12,60,12,24,12,24,12,24,12,24,12,24,12,24,12,24,12,24,12,24,12,60,12,60,12,24,12,24,12,60,12,60,12,60,12,24,12,24,12,24,12,24,12,24,12,24,12,24,12,24,12,24,12,60,12,24,12,24,12,24,12,24,12,60,12,24,12,24,12,24,12,24,12,24,12,24,12,24,12,24,12,24,12,24,12,24,12,24,12,24,12,24,12,24,12,24,12,24,12,24,12,24,12,24,12,24,12,24,12,60,12,24,12,24,12,24,12,24,12,60,12,24,12,24,12,60,12,24,12,24,12,24,12,24,12,24,12,24,12,24,12,24,12,24,12,24,12,24,12,24,12,24,12,24,12,24,12,24,12,60,12,24,12,24,12,24,12,24,12,24,12,24,12,24,12,24,12,24,12,24,12,24,12,24,12,24,12,24,12,24,12,24,12,24,12,24,12,24,12,24,12,24,12,24,12,24,12,24,12,24,12,24,12,24,12,24,12,24,12,24,12,24,12,60,12,24,12,24,12,3300"
17,50,"sendir,1:1,1,33512,1,1,168,72,12,60,12,24,12,24,12,24,12,60,12,24,12,24,12,24,12,24,12,60,12,24,12,60,12,60,12,24,12,60,12,60,12,60,12,60,12,60,12,24,12,60,12,24,12,24,12,24,12,24,12,24,12,24,12,60,12,24,12,24,12,60,12,24,12,24,12,24,12,60,12,24,12,24,12,24,12,24,12,24,12,24,12,24,12,24,12,24,12,24,12,24,12,24,12,24,12,24,12,60,12,60,12,60,12,24,12,24,12,60,12,24,12,984,168,72,12,60,12,24,12,24,12,24,12,60,12,24,12,24,12,24,12,24,12,60,12,24,12,60,12,60,12,24,12,60,12,60,12,60,12,60,12,60,12,24,12,60,12,24,12,24,12,24,12,24,12,24,12,24,12,60,12,24,12,24,12,60,12,24,12,24,12,24,12,24,12,24,12,24,12,24,12,24,12,24,12,60,12,60,12,24,12,24,12,60,12,60,12,60,12,24,12,24,12,24,12,24,12,24,12,24,12,24,12,24,12,24,12,60,12,24,12,24,12,24,12,24,12,60,12,24,12,24,12,24,12,24,12,24,12,24,12,24,12,24,12,24,12,24,12,24,12,24,12,24,12,24,12,24,12,24,12,24,12,24,12,24,12,24,12,24,12,24,12,60,12,24,12,24,12,24,12,24,12,60,12,24,12,24,12,60,12,60,12,24,12,24,12,24,12,24,12,24,12,24,12,24,12,24,12,24,12,24,12,24,12,24,12,24,12,24,12,24,12,60,12,24,12,24,12,24,12,24,12,24,12,24,12,24,12,24,12,24,12,24,12,24,12,24,12,24,12,24,12,24,12,24,12,24,12,24,12,24,12,24,12,24,12,24,12,24,12,24,12,24,12,24,12,24,12,24,12,24,12,24,12,24,12,24,12,60,12,24,12,3300"
17,75,"sendir,1:1,2,33512,1,1,168,72,12,60,12,24,12,24,12,24,12,60,12,24,12,24,12,24,12,24,12,60,12,24,12,60,12,60,12,24,12,60,12,60,12,60,12,60,12,60,12,24,12,60,12,24,12,24,12,24,12,24,12,24,12,24,12,60,12,24,12,24,12,60,12,24,12,24,12,24,12,60,12,24,12,24,12,24,12,24,12,24,12,24,12,24,12,24,12,24,12,24,12,24,12,24,12,24,12,24,12,60,12,60,12,60,12,24,12,24,12,60,12,24,12,984,168,72,12,60,12,24,12,24,12,24,12,60,12,24,12,24,12,24,12,24,12,60,12,24,12,60,12,60,12,24,12,60,12,60,12,60,12,60,12,60,12,24,12,60,12,24,12,24,12,24,12,24,12,24,12,24,12,60,12,24,12,24,12,60,12,24,12,24,12,24,12,24,12,24,12,24,12,24,12,24,12,24,12,60,12,60,12,24,12,24,12,60,12,60,12,60,12,24,12,24,12,24,12,24,12,24,12,24,12,24,12,24,12,24,12,60,12,24,12,24,12,24,12,24,12,60,12,24,12,24,12,24,12,24,12,24,12,24,12,24,12,24,12,24,12,24,12,24,12,24,12,24,12,24,12,24,12,24,12,24,12,24,12,24,12,24,12,24,12,24,12,60,12,24,12,24,12,24,12,24,12,60,12,24,12,24,12,60,12,24,12,60,12,24,12,24,12,24,12,24,12,24,12,24,12,24,12,24,12,24,12,24,12,24,12,24,12,24,12,24,12,60,12,24,12,24,12,24,12,24,12,24,12,24,12,24,12,24,12,24,12,24,12,24,12,24,12,24,12,24,12,24,12,24,12,24,12,24,12,24,12,24,12,24,12,24,12,24,12,24,12,24,12,24,12,24,12,24,12,24,12,24,12,24,12,60,12,60,12,24,12,3300"
17,100,"sendir,1:1,1,33512,1,1,168,72,12,60,12,24,12,24,12,24,12,60,12,24,12,24,12,24,12,24,12,60,12,24,12,60,12,60,12,24,12,60,12,60,12,60,12,60,12,60,12,24,12,60,12,24,12,24,12,24,12,24,12,24,12,24,12,60,12,24,12,24,12,60,12,24,12,24,12,24,12,60,12,24,12,24,12,24,12,24,12,24,12,24,12,24,12,24,12,24,12,24,12,24,12,24,12,24,12,24,12,60,12,60,12,60,12,24,12,24,12,60,12,24,12,984,168,72,12,60,12,24,12,24,12,24,12,60,12,24,12,24,12,24,12,24,12,60,12,24,12,60,12,60,12,24,12,60,12,60,12,60,12,60,12,60,12,24,12,60,12,24,12,24,12,24,12,24,12,24,12,24,12,60,12,24,12,24,12,60,12,24,12,24,12,24,12,24,12,24,12,24,12,24,12,24,12,24,12,60,12,60,12,24,12,24,12,60,12,60,12,60,12,24,12,24,12,24,12,24,12,24,12,24,12,24,12,24,12,24,12,60,12,24,12,24,12,24,12,24,12,60,12,24,12,24,12,24,12,24,12,24,12,24,12,24,12,24,12,24,12,24,12,24,12,24,12,24,12,24,12,24,12,24,12,24,12,24,12,24,12,24,12,24,12,24,12,60,12,24,12,24,12,24,12,24,12,60,12,24,12,24,12,24,12,24,12,24,12,24,12,24,12,24,12,24,12,24,12,24,12,24,12,24,12,24,12,24,12,24,12,24,12,24,12,24,12,60,12,24,12,24,12,24,12,24,12,24,12,24,12,24,12,24,12,24,12,24,12,24,12,24,12,24,12,24,12,24,12,24,12,24,12,24,12,24,12,24,12,24,12,24,12,24,12,24,12,24,12,24,12,24,12,24,12,24,12,24,12,60,12,24,12,24,12,24,12,3300"
18,25,"sendir,1:1,1,33602,1,1,168,72,12,60,12,24,12,24,12,24,12,60,12,24,12,24,12,24,12,24,12,60,12,24,12,60,12,60,12,24,12,60,12,60,12,60,12,60,12,60,12,24,12,60,12,24,12,24,12,24,12,24,12,24,12,24,12,60,12,24,12,24,12,60,12,24,12,24,12,24,12,60,12,24,12,24,12,24,12,24,12,24,12,24,12,24,12,24,12,24,12,24,12,24,12,24,12,24,12,24,12,60,12,60,12,60,12,24,12,24,12,60,12,24,12,986,168,72,12,60,12,24,12,24,12,24,12,60,12,24,12,24,12,24,12,24,12,60,12,24,12,60,12,60,12,24,12,60,12,60,12,60,12,60,12,60,12,24,12,60,12,24,12,24,12,24,12,24,12,24,12,24,12,60,12,24,12,24,12,60,12,24,12,24,12,24,12,24,12,24,12,24,12,24,12,24,12,24,12,60,12,60,12,24,12,24,12,60,12,60,12,60,12,24,12,24,12,24,12,24,12,24,12,24,12,24,12,24,12,24,12,60,12,24,12,24,12,24,12,24,12,60,12,24,12,24,12,24,12,24,12,24,12,24,12,24,12,24,12,24,12,24,12,24,12,24,12,24,12,24,12,24,12,24,12,24,12,24,12,24,12,60,12,24,12,24,12,60,12,24,12,24,12,24,12,24,12,60,12,24,12,24,12,60,12,24,12,24,12,24,12,24,12,24,12,24,12,24,12,24,12,24,12,24,12,24,12,24,12,24,12,24,12,24,12,24,12,60,12,24,12,24,12,24,12,24,12,24,12,24,12,24,12,24,12,24,12,24,12,24,12,24,12,24,12,24,12,24,12,24,12,24,12,24,12,24,12,24,12,24,12,24,12,24,12,24,12,24,12,24,12,24,12,60,12,24,12,24,12,24,12,60,12,24,12,24,12,3300"
18,50,"sendir,1:1,1,33512,1,1,168,72,12,60,12,24,12,24,12,24,12,60,12,24,12,24,12,24,12,24,12,60,12,24,12,60,12,60,12,24,12,60,12,60,12,60,12,60,12,60,12,24,12,60,12,24,12,24,12,24,12,24,12,24,12,24,12,60,12,24,12,24,12,60,12,24,12,24,12,24,12,60,12,24,12,24,12,24,12,24,12,24,12,24,12,24,12,24,12,24,12,24,12,24,12,24,12,24,12,24,12,60,12,60,12,60,12,24,12,24,12,60,12,24,12,984,168,72,12,60,12,24,12,24,12,24,12,60,12,24,12,24,12,24,12,24,12,60,12,24,12,60,12,60,12,24,12,60,12,60,12,60,12,60,12,60,12,24,12,60,12,24,12,24,12,24,12,24,12,24,12,24,12,60,12,24,12,24,12,60,12,24,12,24,12,24,12,24,12,24,12,24,12,24,12,24,12,24,12,60,12,60,12,24,12,24,12,60,12,60,12,60,12,24,12,24,12,24,12,24,12,24,12,24,12,24,12,24,12,24,12,60,12,24,12,24,12,24,12,24,12,60,12,24,12,24,12,24,12,24,12,24,12,24,12,24,12,24,12,24,12,24,12,24,12,24,12,24,12,24,12,24,12,24,12,24,12,24,12,24,12,60,12,24,12,24,12,60,12,24,12,24,12,24,12,24,12,60,12,24,12,24,12,60,12,60,12,24,12,24,12,24,12,24,12,24,12,24,12,24,12,24,12,24,12,24,12,24,12,24,12,24,12,24,12,24,12,60,12,24,12,24,12,24,12,24,12,24,12,24,12,24,12,24,12,24,12,24,12,24,12,24,12,24,12,24,12,24,12,24,12,24,12,24,12,24,12,24,12,24,12,24,12,24,12,24,12,24,12,24,12,24,12,60,12,24,12,24,12,24,12,24,12,60,12,24,12,3300"
18,75,"sendir,1:1,1,33512,1,1,168,72,12,60,12,24,12,24,12,24,12,60,12,24,12,24,12,24,12,24,12,60,12,24,12,60,12,60,12,24,12,60,12,60,12,60,12,60,12,60,12,24,12,60,12,24,12,24,12,24,12,24,12,24,12,24,12,60,12,24,12,24,12,60,12,24,12,24,12,24,12,60,12,24,12,24,12,24,12,24,12,24,12,24,12,24,12,24,12,24,12,24,12,24,12,24,12,24,12,24,12,60,12,60,12,60,12,24,12,24,12,60,12,24,12,984,168,72,12,60,12,24,12,24,12,24,12,60,12,24,12,24,12,24,12,24,12,60,12,24,12,60,12,60,12,24,12,60,12,60,12,60,12,60,12,60,12,24,12,60,12,24,12,24,12,24,12,24,12,24,12,24,12,60,12,24,12,24,12,60,12,24,12,24,12,24,12,24,12,24,12,24,12,24,12,24,12,24,12,60,12,60,12,24,12,24,12,60,12,60,12,60,12,24,12,24,12,24,12,24,12,24,12,24,12,24,12,24,12,24,12,60,12,24,12,24,12,24,12,24,12,60,12,24,12,24,12,24,12,24,12,24,12,24,12,24,12,24,12,24,12,24,12,24,12,24,12,24,12,24,12,24,12,24,12,24,12,24,12,24,12,60,12,24,12,24,12,60,12,24,12,24,12,24,12,24,12,60,12,24,12,24,12,60,12,24,12,60,12,24,12,24,12,24,12,24,12,24,12,24,12,24,12,24,12,24,12,24,12,24,12,24,12,24,12,24,12,60,12,24,12,24,12,24,12,24,12,24,12,24,12,24,12,24,12,24,12,24,12,24,12,24,12,24,12,24,12,24,12,24,12,24,12,24,12,24,12,24,12,24,12,24,12,24,12,24,12,24,12,24,12,24,12,60,12,24,12,24,12,24,12,60,12,60,12,24,12,3300"
18,100,"sendir,1:1,1,33512,1,1,168,72,12,60,12,24,12,24,12,24,12,60,12,24,12,24,12,24,12,24,12,60,12,24,12,60,12,60,12,24,12,60,12,60,12,60,12,60,12,60,12,24,12,60,12,24,12,24,12,24,12,24,12,24,12,24,12,60,12,24,12,24,12,60,12,24,12,24,12,24,12,60,12,24,12,24,12,24,12,24,12,24,12,24,12,24,12,24,12,24,12,24,12,24,12,24,12,24,12,24,12,60,12,60,12,60,12,24,12,24,12,60,12,24,12,984,168,72,12,60,12,24,12,24,12,24,12,60,12,24,12,24,12,24,12,24,12,60,12,24,12,60,12,60,12,24,12,60,12,60,12,60,12,60,12,60,12,24,12,60,12,24,12,24,12,24,12,24,12,24,12,24,12,60,12,24,12,24,12,60,12,24,12,24,12,24,12,24,12,24,12,24,12,24,12,24,12,24,12,60,12,60,12,24,12,24,12,60,12,60,12,60,12,24,12,24,12,24,12,24,12,24,12,24,12,24,12,24,12,24,12,60,12,24,12,24,12,24,12,24,12,60,12,24,12,24,12,24,12,24,12,24,12,24,12,24,12,24,12,24,12,24,12,24,12,24,12,24,12,24,12,24,12,24,12,24,12,24,12,24,12,60,12,24,12,24,12,60,12,24,12,24,12,24,12,24,12,60,12,24,12,24,12,24,12,24,12,24,12,24,12,24,12,24,12,24,12,24,12,24,12,24,12,24,12,24,12,24,12,24,12,24,12,24,12,24,12,60,12,24,12,24,12,24,12,24,12,24,12,24,12,24,12,24,12,24,12,24,12,24,12,24,12,24,12,24,12,24,12,24,12,24,12,24,12,24,12,24,12,24,12,24,12,24,12,24,12,24,12,24,12,24,12,60,12,24,12,24,12,60,12,24,12,24,12,24,12,3300"
19,25,"sendir,1:1,1,33512,1,1,168,72,12,60,12,24,12,24,12,24,12,60,12,24,12,24,12,24,12,24,12,60,12,24,12,60,12,60,12,24,12,60,12,60,12,60,12,60,12,60,12,24,12,60,12,24,12,24,12,24,12,24,12,24,12,24,12,60,12,24,12,24,12,60,12,24,12,24,12,24,12,60,12,24,12,24,12,24,12,24,12,24,12,24,12,24,12,24,12,24,12,24,12,24,12,24,12,24,12,24,12,60,12,60,12,60,12,24,12,24,12,60,12,24,12,984,168,72,12,60,12,24,12,24,12,24,12,60,12,24,12,24,12,24,12,24,12,60,12,24,12,60,12,60,12,24,12,60,12,60,12,60,12,60,12,60,12,24,12,60,12,24,12,24,12,24,12,24,12,24,12,24,12,60,12,24,12,24,12,60,12,24,12,24,12,24,12,24,12,24,12,24,12,24,12,24,12,24,12,60,12,60,12,24,12,24,12,60,12,60,12,60,12,24,12,24,12,24,12,24,12,24,12,24,12,24,12,24,12,24,12,60,12,24,12,24,12,24,12,24,12,60,12,24,12,24,12,24,12,24,12,24,12,24,12,24,12,24,12,24,12,24,12,24,12,24,12,24,12,24,12,24,12,24,12,24,12,24,12,24,12,24,12,60,12,24,12,60,12,24,12,24,12,24,12,24,12,60,12,24,12,24,12,60,12,24,12,24,12,24,12,24,12,24,12,24,12,24,12,24,12,24,12,24,12,24,12,24,12,24,12,24,12,24,12,24,12,60,12,24,12,24,12,24,12,24,12,24,12,24,12,24,12,24,12,24,12,24,12,24,12,24,12,24,12,24,12,24,12,24,12,24,12,24,12,24,12,24,12,24,12,24,12,24,12,24,12,24,12,24,12,24,12,24,12,60,12,24,12,24,12,60,12,24,12,24,12,3300"
19,50,"sendir,1:1,1,33512,1,1,168,72,12,60,12,24,12,24,12,24,12,60,12,24,12,24,12,24,12,24,12,60,12,24,12,60,12,60,12,24,12,60,12,60,12,60,12,60,12,60,12,24,12,60,12,24,12,24,12,24,12,24,12,24,12,24,12,60,12,24,12,24,12,60,12,24,12,24,12,24,12,60,12,24,12,24,12,24,12,24,12,24,12,24,12,24,12,24,12,24,12,24,12,24,12,24,12,24,12,24,12,60,12,60,12,60,12,24,12,24,12,60,12,24,12,984,168,72,12,60,12,24,12,24,12,24,12,60,12,24,12,24,12,24,12,24,12,60,12,24,12,60,12,60,12,24,12,60,12,60,12,60,12,60,12,60,12,24,12,60,12,24,12,24,12,24,12,24,12,24,12,24,12,60,12,24,12,24,12,60,12,24,12,24,12,24,12,24,12,24,12,24,12,24,12,24,12,24,12,60,12,60,12,24,12,24,12,60,12,60,12,60,12,24,12,24,12,24,12,24,12,24,12,24,12,24,12,24,12,24,12,60,12,24,12,24,12,24,12,24,12,60,12,24,12,24,12,24,12,24,12,24,12,24,12,24,12,24,12,24,12,24,12,24,12,24,12,24,12,24,12,24,12,24,12,24,12,24,12,24,12,24,12,60,12,24,12,60,12,24,12,24,12,24,12,24,12,60,12,24,12,24,12,60,12,60,12,24,12,24,12,24,12,24,12,24,12,24,12,24,12,24,12,24,12,24,12,24,12,24,12,24,12,24,12,24,12,60,12,24,12,24,12,24,12,24,12,24,12,24,12,24,12,24,12,24,12,24,12,24,12,24,12,24,12,24,12,24,12,24,12,24,12,24,12,24,12,24,12,24,12,24,12,24,12,24,12,24,12,24,12,24,12,24,12,60,12,24,12,24,12,24,12,60,12,24,12,3300"
19,75,"sendir,1:1,1,33512,1,1,168,72,12,60,12,24,12,24,12,24,12,60,12,24,12,24,12,24,12,24,12,60,12,24,12,60,12,60,12,24,12,60,12,60,12,60,12,60,12,60,12,24,12,60,12,24,12,24,12,24,12,24,12,24,12,24,12,60,12,24,12,24,12,60,12,24,12,24,12,24,12,60,12,24,12,24,12,24,12,24,12,24,12,24,12,24,12,24,12,24,12,24,12,24,12,24,12,24,12,24,12,60,12,60,12,60,12,24,12,24,12,60,12,24,12,984,168,72,12,60,12,24,12,24,12,24,12,60,12,24,12,24,12,24,12,24,12,60,12,24,12,60,12,60,12,24,12,60,12,60,12,60,12,60,12,60,12,24,12,60,12,24,12,24,12,24,12,24,12,24,12,24,12,60,12,24,12,24,12,60,12,24,12,24,12,24,12,24,12,24,12,24,12,24,12,24,12,24,12,60,12,60,12,24,12,24,12,60,12,60,12,60,12,24,12,24,12,24,12,24,12,24,12,24,12,24,12,24,12,24,12,60,12,24,12,24,12,24,12,24,12,60,12,24,12,24,12,24,12,24,12,24,12,24,12,24,12,24,12,24,12,24,12,24,12,24,12,24,12,24,12,24,12,24,12,24,12,24,12,24,12,24,12,60,12,24,12,60,12,24,12,24,12,24,12,24,12,60,12,24,12,24,12,60,12,24,12,60,12,24,12,24,12,24,12,24,12,24,12,24,12,24,12,24,12,24,12,24,12,24,12,24,12,24,12,24,12,60,12,24,12,24,12,24,12,24,12,24,12,24,12,24,12,24,12,24,12,24,12,24,12,24,12,24,12,24,12,24,12,24,12,24,12,24,12,24,12,24,12,24,12,24,12,24,12,24,12,24,12,24,12,24,12,24,12,60,12,24,12,24,12,60,12,60,12,24,12,3300"
19,100,"sendir,1:1,1,33512,1,1,168,72,12,60,12,24,12,24,12,24,12,60,12,24,12,24,12,24,12,24,12,60,12,24,12,60,12,60,12,24,12,60,12,60,12,60,12,60,12,60,12,24,12,60,12,24,12,24,12,24,12,24,12,24,12,24,12,60,12,24,12,24,12,60,12,24,12,24,12,24,12,60,12,24,12,24,12,24,12,24,12,24,12,24,12,24,12,24,12,24,12,24,12,24,12,24,12,24,12,24,12,60,12,60,12,60,12,24,12,24,12,60,12,24,12,984,168,72,12,60,12,24,12,24,12,24,12,60,12,24,12,24,12,24,12,24,12,60,12,24,12,60,12,60,12,24,12,60,12,60,12,60,12,60,12,60,12,24,12,60,12,24,12,24,12,24,12,24,12,24,12,24,12,60,12,24,12,24,12,60,12,24,12,24,12,24,12,24,12,24,12,24,12,24,12,24,12,24,12,60,12,60,12,24,12,24,12,60,12,60,12,60,12,24,12,24,12,24,12,24,12,24,12,24,12,24,12,24,12,24,12,60,12,24,12,24,12,24,12,24,12,60,12,24,12,24,12,24,12,24,12,24,12,24,12,24,12,24,12,24,12,24,12,24,12,24,12,24,12,24,12,24,12,24,12,24,12,24,12,24,12,24,12,60,12,24,12,60,12,24,12,24,12,24,12,24,12,60,12,24,12,24,12,24,12,24,12,24,12,24,12,24,12,24,12,24,12,24,12,24,12,24,12,24,12,24,12,24,12,24,12,24,12,24,12,24,12,60,12,24,12,24,12,24,12,24,12,24,12,24,12,24,12,24,12,24,12,24,12,24,12,24,12,24,12,24,12,24,12,24,12,24,12,24,12,24,12,24,12,24,12,24,12,24,12,24,12,24,12,24,12,24,12,24,12,60,12,24,12,60,12,24,12,24,12,24,12,3300"
20,25,"sendir,1:1,2,33512,1,1,168,72,12,60,12,24,12,24,12,24,12,60,12,24,12,24,12,24,12,24,12,60,12,24,12,60,12,60,12,24,12,60,12,60,12,60,12,60,12,60,12,24,12,60,12,24,12,24,12,24,12,24,12,24,12,24,12,60,12,24,12,24,12,60,12,24,12,24,12,24,12,60,12,24,12,24,12,24,12,24,12,24,12,24,12,24,12,24,12,24,12,24,12,24,12,24,12,24,12,24,12,60,12,60,12,60,12,24,12,24,12,60,12,24,12,984,168,72,12,60,12,24,12,24,12,24,12,60,12,24,12,24,12,24,12,24,12,60,12,24,12,60,12,60,12,24,12,60,12,60,12,60,12,60,12,60,12,24,12,60,12,24,12,24,12,24,12,24,12,24,12,24,12,60,12,24,12,24,12,60,12,24,12,24,12,24,12,24,12,24,12,24,12,24,12,24,12,24,12,60,12,60,12,24,12,24,12,60,12,60,12,60,12,24,12,24,12,24,12,24,12,24,12,24,12,24,12,24,12,24,12,60,12,24,12,24,12,24,12,24,12,60,12,24,12,24,12,24,12,24,12,24,12,24,12,24,12,24,12,24,12,24,12,24,12,24,12,24,12,24,12,24,12,24,12,24,12,24,12,24,12,60,12,60,12,24,12,60,12,24,12,24,12,24,12,24,12,60,12,24,12,24,12,60,12,24,12,24,12,24,12,24,12,24,12,24,12,24,12,24,12,24,12,24,12,24,12,24,12,24,12,24,12,24,12,24,12,60,12,24,12,24,12,24,12,24,12,24,12,24,12,24,12,24,12,24,12,24,12,24,12,24,12,24,12,24,12,24,12,24,12,24,12,24,12,24,12,24,12,24,12,24,12,24,12,24,12,24,12,24,12,24,12,60,12,60,12,24,12,24,12,60,12,24,12,24,12,3300"
20,50,"sendir,1:1,1,33512,1,1,168,72,12,60,12,24,12,24,12,24,12,60,12,24,12,24,12,24,12,24,12,60,12,24,12,60,12,60,12,24,12,60,12,60,12,60,12,60,12,60,12,24,12,60,12,24,12,24,12,24,12,24,12,24,12,24,12,60,12,24,12,24,12,60,12,24,12,24,12,24,12,60,12,24,12,24,12,24,12,24,12,24,12,24,12,24,12,24,12,24,12,24,12,24,12,24,12,24,12,24,12,60,12,60,12,60,12,24,12,24,12,60,12,24,12,984,168,72,12,60,12,24,12,24,12,24,12,60,12,24,12,24,12,24,12,24,12,60,12,24,12,60,12,60,12,24,12,60,12,60,12,60,12,60,12,60,12,24,12,60,12,24,12,24,12,24,12,24,12,24,12,24,12,60,12,24,12,24,12,60,12,24,12,24,12,24,12,24,12,24,12,24,12,24,12,24,12,24,12,60,12,60,12,24,12,24,12,60,12,60,12,60,12,24,12,24,12,24,12,24,12,24,12,24,12,24,12,24,12,24,12,60,12,24,12,24,12,24,12,24,12,60,12,24,12,24,12,24,12,24,12,24,12,24,12,24,12,24,12,24,12,24,12,24,12,24,12,24,12,24,12,24,12,24,12,24,12,24,12,24,12,60,12,60,12,24,12,60,12,24,12,24,12,24,12,24,12,60,12,24,12,24,12,60,12,60,12,24,12,24,12,24,12,24,12,24,12,24,12,24,12,24,12,24,12,24,12,24,12,24,12,24,12,24,12,24,12,60,12,24,12,24,12,24,12,24,12,24,12,24,12,24,12,24,12,24,12,24,12,24,12,24,12,24,12,24,12,24,12,24,12,24,12,24,12,24,12,24,12,24,12,24,12,24,12,24,12,24,12,24,12,24,12,60,12,60,12,24,12,24,12,24,12,60,12,24,12,3300"
20,75,"sendir,1:1,1,33512,1,1,168,72,12,60,12,24,12,24,12,24,12,60,12,24,12,24,12,24,12,24,12,60,12,24,12,60,12,60,12,24,12,60,12,60,12,60,12,60,12,60,12,24,12,60,12,24,12,24,12,24,12,24,12,24,12,24,12,60,12,24,12,24,12,60,12,24,12,24,12,24,12,60,12,24,12,24,12,24,12,24,12,24,12,24,12,24,12,24,12,24,12,24,12,24,12,24,12,24,12,24,12,60,12,60,12,60,12,24,12,24,12,60,12,24,12,984,168,72,12,60,12,24,12,24,12,24,12,60,12,24,12,24,12,24,12,24,12,60,12,24,12,60,12,60,12,24,12,60,12,60,12,60,12,60,12,60,12,24,12,60,12,24,12,24,12,24,12,24,12,24,12,24,12,60,12,24,12,24,12,60,12,24,12,24,12,24,12,24,12,24,12,24,12,24,12,24,12,24,12,60,12,60,12,24,12,24,12,60,12,60,12,60,12,24,12,24,12,24,12,24,12,24,12,24,12,24,12,24,12,24,12,60,12,24,12,24,12,24,12,24,12,60,12,24,12,24,12,24,12,24,12,24,12,24,12,24,12,24,12,24,12,24,12,24,12,24,12,24,12,24,12,24,12,24,12,24,12,24,12,24,12,60,12,60,12,24,12,60,12,24,12,24,12,24,12,24,12,60,12,24,12,24,12,60,12,24,12,60,12,24,12,24,12,24,12,24,12,24,12,24,12,24,12,24,12,24,12,24,12,24,12,24,12,24,12,24,12,60,12,24,12,24,12,24,12,24,12,24,12,24,12,24,12,24,12,24,12,24,12,24,12,24,12,24,12,24,12,24,12,24,12,24,12,24,12,24,12,24,12,24,12,24,12,24,12,24,12,24,12,24,12,24,12,60,12,60,12,24,12,24,12,60,12,60,12,24,12,3300"
20,100,"sendir,1:1,2,33512,1,1,168,72,12,60,12,24,12,24,12,24,12,60,12,24,12,24,12,24,12,24,12,60,12,24,12,60,12,60,12,24,12,60,12,60,12,60,12,60,12,60,12,24,12,60,12,24,12,24,12,24,12,24,12,24,12,24,12,60,12,24,12,24,12,60,12,24,12,24,12,24,12,60,12,24,12,24,12,24,12,24,12,24,12,24,12,24,12,24,12,24,12,24,12,24,12,24,12,24,12,24,12,60,12,60,12,60,12,24,12,24,12,60,12,24,12,984,168,72,12,60,12,24,12,24,12,24,12,60,12,24,12,24,12,24,12,24,12,60,12,24,12,60,12,60,12,24,12,60,12,60,12,60,12,60,12,60,12,24,12,60,12,24,12,24,12,24,12,24,12,24,12,24,12,60,12,24,12,24,12,60,12,24,12,24,12,24,12,24,12,24,12,24,12,24,12,24,12,24,12,60,12,60,12,24,12,24,12,60,12,60,12,60,12,24,12,24,12,24,12,24,12,24,12,24,12,24,12,24,12,24,12,60,12,24,12,24,12,24,12,24,12,60,12,24,12,24,12,24,12,24,12,24,12,24,12,24,12,24,12,24,12,24,12,24,12,24,12,24,12,24,12,24,12,24,12,24,12,24,12,24,12,60,12,60,12,24,12,60,12,24,12,24,12,24,12,24,12,60,12,24,12,24,12,24,12,24,12,24,12,24,12,24,12,24,12,24,12,24,12,24,12,24,12,24,12,24,12,24,12,24,12,24,12,24,12,24,12,60,12,24,12,24,12,24,12,24,12,24,12,24,12,24,12,24,12,24,12,24,12,24,12,24,12,24,12,24,12,24,12,24,12,24,12,24,12,24,12,24,12,24,12,24,12,24,12,24,12,24,12,24,12,24,12,60,12,60,12,24,12,60,12,24,12,24,12,24,12,3300"
21,25,"sendir,1:1,1,33512,1,1,168,72,12,60,12,24,12,24,12,24,12,60,12,24,12,24,12,24,12,24,12,60,12,24,12,60,12,60,12,24,12,60,12,60,12,60,12,60,12,60,12,24,12,60,12,24,12,24,12,24,12,24,12,24,12,24,12,60,12,24,12,24,12,60,12,24,12,24,12,24,12,60,12,24,12,24,12,24,12,24,12,24,12,24,12,24,12,24,12,24,12,24,12,24,12,24,12,24,12,24,12,60,12,60,12,60,12,24,12,24,12,60,12,24,12,984,168,72,12,60,12,24,12,24,12,24,12,60,12,24,12,24,12,24,12,24,12,60,12,24,12,60,12,60,12,24,12,60,12,60,12,60,12,60,12,60,12,24,12,60,12,24,12,24,12,24,12,24,12,24,12,24,12,60,12,24,12,24,12,60,12,24,12,24,12,24,12,24,12,24,12,24,12,24,12,24,12,24,12,60,12,60,12,24,12,24,12,60,12,60,12,60,12,24,12,24,12,24,12,24,12,24,12,24,12,24,12,24,12,24,12,60,12,24,12,24,12,24,12,24,12,60,12,24,12,24,12,24,12,24,12,24,12,24,12,24,12,24,12,24,12,24,12,24,12,24,12,24,12,24,12,24,12,24,12,24,12,24,12,24,12,24,12,24,12,60,12,60,12,24,12,24,12,24,12,24,12,60,12,24,12,24,12,60,12,24,12,24,12,24,12,24,12,24,12,24,12,24,12,24,12,24,12,24,12,24,12,24,12,24,12,24,12,24,12,24,12,60,12,24,12,24,12,24,12,24,12,24,12,24,12,24,12,24,12,24,12,24,12,24,12,24,12,24,12,24,12,24,12,24,12,24,12,24,12,24,12,24,12,24,12,24,12,24,12,24,12,24,12,24,12,24,12,24,12,24,12,60,12,24,12,60,12,24,12,24,12,3300"
21,50,"sendir,1:1,1,33512,1,1,168,72,12,60,12,24,12,24,12,24,12,60,12,24,12,24,12,24,12,24,12,60,12,24,12,60,12,60,12,24,12,60,12,60,12,60,12,60,12,60,12,24,12,60,12,24,12,24,12,24,12,24,12,24,12,24,12,60,12,24,12,24,12,60,12,24,12,24,12,24,12,60,12,24,12,24,12,24,12,24,12,24,12,24,12,24,12,24,12,24,12,24,12,24,12,24,12,24,12,24,12,60,12,60,12,60,12,24,12,24,12,60,12,24,12,984,168,72,12,60,12,24,12,24,12,24,12,60,12,24,12,24,12,24,12,24,12,60,12,24,12,60,12,60,12,24,12,60,12,60,12,60,12,60,12,60,12,24,12,60,12,24,12,24,12,24,12,24,12,24,12,24,12,60,12,24,12,24,12,60,12,24,12,24,12,24,12,24,12,24,12,24,12,24,12,24,12,24,12,60,12,60,12,24,12,24,12,60,12,60,12,60,12,24,12,24,12,24,12,24,12,24,12,24,12,24,12,24,12,24,12,60,12,24,12,24,12,24,12,24,12,60,12,24,12,24,12,24,12,24,12,24,12,24,12,24,12,24,12,24,12,24,12,24,12,24,12,24,12,24,12,24,12,24,12,24,12,24,12,24,12,24,12,24,12,60,12,60,12,24,12,24,12,24,12,24,12,60,12,24,12,24,12,60,12,60,12,24,12,24,12,24,12,24,12,24,12,24,12,24,12,24,12,24,12,24,12,24,12,24,12,24,12,24,12,24,12,60,12,24,12,24,12,24,12,24,12,24,12,24,12,24,12,24,12,24,12,24,12,24,12,24,12,24,12,24,12,24,12,24,12,24,12,24,12,24,12,24,12,24,12,24,12,24,12,24,12,24,12,24,12,24,12,24,12,24,12,60,12,24,12,24,12,60,12,24,12,3300"
21,75,"sendir,1:1,1,33512,1,1,168,72,12,60,12,24,12,24,12,24,12,60,12,24,12,24,12,24,12,24,12,60,12,24,12,60,12,60,12,24,12,60,12,60,12,60,12,60,12,60,12,24,12,60,12,24,12,24,12,24,12,24,12,24,12,24,12,60,12,24,12,24,12,60,12,24,12,24,12,24,12,60,12,24,12,24,12,24,12,24,12,24,12,24,12,24,12,24,12,24,12,24,12,24,12,24,12,24,12,24,12,60,12,60,12,60,12,24,12,24,12,60,12,24,12,984,168,72,12,60,12,24,12,24,12,24,12,60,12,24,12,24,12,24,12,24,12,60,12,24,12,60,12,60,12,24,12,60,12,60,12,60,12,60,12,60,12,24,12,60,12,24,12,24,12,24,12,24,12,24,12,24,12,60,12,24,12,24,12,60,12,24,12,24,12,24,12,24,12,24,12,24,12,24,12,24,12,24,12,60,12,60,12,24,12,24,12,60,12,60,12,60,12,24,12,24,12,24,12,24,12,24,12,24,12,24,12,24,12,24,12,60,12,24,12,24,12,24,12,24,12,60,12,24,12,24,12,24,12,24,12,24,12,24,12,24,12,24,12,24,12,24,12,24,12,24,12,24,12,24,12,24,12,24,12,24,12,24,12,24,12,24,12,24,12,60,12,60,12,24,12,24,12,24,12,24,12,60,12,24,12,24,12,60,12,24,12,60,12,24,12,24,12,24,12,24,12,24,12,24,12,24,12,24,12,24,12,24,12,24,12,24,12,24,12,24,12,60,12,24,12,24,12,24,12,24,12,24,12,24,12,24,12,24,12,24,12,24,12,24,12,24,12,24,12,24,12,24,12,24,12,24,12,24,12,24,12,24,12,24,12,24,12,24,12,24,12,24,12,24,12,24,12,24,12,24,12,60,12,24,12,60,12,60,12,24,12,3300"
21,100,"sendir,1:1,1,33512,1,1,168,72,12,60,12,24,12,24,12,24,12,60,12,24,12,24,12,24,12,24,12,60,12,24,12,60,12,60,12,24,12,60,12,60,12,60,12,60,12,60,12,24,12,60,12,24,12,24,12,24,12,24,12,24,12,24,12,60,12,24,12,24,12,60,12,24,12,24,12,24,12,60,12,24,12,24,12,24,12,24,12,24,12,24,12,24,12,24,12,24,12,24,12,24,12,24,12,24,12,24,12,60,12,60,12,60,12,24,12,24,12,60,12,24,12,984,168,72,12,60,12,24,12,24,12,24,12,60,12,24,12,24,12,24,12,24,12,60,12,24,12,60,12,60,12,24,12,60,12,60,12,60,12,60,12,60,12,24,12,60,12,24,12,24,12,24,12,24,12,24,12,24,12,60,12,24,12,24,12,60,12,24,12,24,12,24,12,24,12,24,12,24,12,24,12,24,12,24,12,60,12,60,12,24,12,24,12,60,12,60,12,60,12,24,12,24,12,24,12,24,12,24,12,24,12,24,12,24,12,24,12,60,12,24,12,24,12,24,12,24,12,60,12,24,12,24,12,24,12,24,12,24,12,24,12,24,12,24,12,24,12,24,12,24,12,24,12,24,12,24,12,24,12,24,12,24,12,24,12,24,12,24,12,24,12,60,12,60,12,24,12,24,12,24,12,24,12,60,12,24,12,24,12,24,12,24,12,24,12,24,12,24,12,24,12,24,12,24,12,24,12,24,12,24,12,24,12,24,12,24,12,24,12,24,12,24,12,60,12,24,12,24,12,24,12,24,12,24,12,24,12,24,12,24,12,24,12,24,12,24,12,24,12,24,12,24,12,24,12,24,12,24,12,24,12,24,12,24,12,24,12,24,12,24,12,24,12,24,12,24,12,24,12,24,12,24,12,60,12,60,12,24,12,24,12,24,12,3300"
22,25,"sendir,1:1,1,33512,1,1,168,72,12,60,12,24,12,24,12,24,12,60,12,24,12,24,12,24,12,24,12,60,12,24,12,60,12,60,12,24,12,60,12,60,12,60,12,60,12,60,12,24,12,60,12,24,12,24,12,24,12,24,12,24,12,24,12,60,12,24,12,24,12,60,12,24,12,24,12,24,12,60,12,24,12,24,12,24,12,24,12,24,12,24,12,24,12,24,12,24,12,24,12,24,12,24,12,24,12,24,12,60,12,60,12,60,12,24,12,24,12,60,12,24,12,984,168,72,12,60,12,24,12,24,12,24,12,60,12,24,12,24,12,24,12,24,12,60,12,24,12,60,12,60,12,24,12,60,12,60,12,60,12,60,12,60,12,24,12,60,12,24,12,24,12,24,12,24,12,24,12,24,12,60,12,24,12,24,12,60,12,24,12,24,12,24,12,24,12,24,12,24,12,24,12,24,12,24,12,60,12,60,12,24,12,24,12,60,12,60,12,60,12,24,12,24,12,24,12,24,12,24,12,24,12,24,12,24,12,24,12,60,12,24,12,24,12,24,12,24,12,60,12,24,12,24,12,24,12,24,12,24,12,24,12,24,12,24,12,24,12,24,12,24,12,24,12,24,12,24,12,24,12,24,12,24,12,24,12,24,12,60,12,24,12,60,12,60,12,24,12,24,12,24,12,24,12,60,12,24,12,24,12,60,12,24,12,24,12,24,12,24,12,24,12,24,12,24,12,24,12,24,12,24,12,24,12,24,12,24,12,24,12,24,12,24,12,60,12,24,12,24,12,24,12,24,12,24,12,24,12,24,12,24,12,24,12,24,12,24,12,24,12,24,12,24,12,24,12,24,12,24,12,24,12,24,12,24,12,24,12,24,12,24,12,24,12,24,12,24,12,24,12,60,12,24,12,60,12,24,12,60,12,24,12,24,12,3300"
22,50,"sendir,1:1,1,33512,1,1,168,72,12,60,12,24,12,24,12,24,12,60,12,24,12,24,12,24,12,24,12,60,12,24,12,60,12,60,12,24,12,60,12,60,12,60,12,60,12,60,12,24,12,60,12,24,12,24,12,24,12,24,12,24,12,24,12,60,12,24,12,24,12,60,12,24,12,24,12,24,12,60,12,24,12,24,12,24,12,24,12,24,12,24,12,24,12,24,12,24,12,24,12,24,12,24,12,24,12,24,12,60,12,60,12,60,12,24,12,24,12,60,12,24,12,984,168,72,12,60,12,24,12,24,12,24,12,60,12,24,12,24,12,24,12,24,12,60,12,24,12,60,12,60,12,24,12,60,12,60,12,60,12,60,12,60,12,24,12,60,12,24,12,24,12,24,12,24,12,24,12,24,12,60,12,24,12,24,12,60,12,24,12,24,12,24,12,24,12,24,12,24,12,24,12,24,12,24,12,60,12,60,12,24,12,24,12,60,12,60,12,60,12,24,12,24,12,24,12,24,12,24,12,24,12,24,12,24,12,24,12,60,12,24,12,24,12,24,12,24,12,60,12,24,12,24,12,24,12,24,12,24,12,24,12,24,12,24,12,24,12,24,12,24,12,24,12,24,12,24,12,24,12,24,12,24,12,24,12,24,12,60,12,24,12,60,12,60,12,24,12,24,12,24,12,24,12,60,12,24,12,24,12,60,12,60,12,24,12,24,12,24,12,24,12,24,12,24,12,24,12,24,12,24,12,24,12,24,12,24,12,24,12,24,12,24,12,60,12,24,12,24,12,24,12,24,12,24,12,24,12,24,12,24,12,24,12,24,12,24,12,24,12,24,12,24,12,24,12,24,12,24,12,24,12,24,12,24,12,24,12,24,12,24,12,24,12,24,12,24,12,24,12,60,12,24,12,60,12,24,12,24,12,60,12,24,12,3300"
22,75,"sendir,1:1,1,33512,1,1,168,72,12,60,12,24,12,24,12,24,12,60,12,24,12,24,12,24,12,24,12,60,12,24,12,60,12,60,12,24,12,60,12,60,12,60,12,60,12,60,12,24,12,60,12,24,12,24,12,24,12,24,12,24,12,24,12,60,12,24,12,24,12,60,12,24,12,24,12,24,12,60,12,24,12,24,12,24,12,24,12,24,12,24,12,24,12,24,12,24,12,24,12,24,12,24,12,24,12,24,12,60,12,60,12,60,12,24,12,24,12,60,12,24,12,984,168,72,12,60,12,24,12,24,12,24,12,60,12,24,12,24,12,24,12,24,12,60,12,24,12,60,12,60,12,24,12,60,12,60,12,60,12,60,12,60,12,24,12,60,12,24,12,24,12,24,12,24,12,24,12,24,12,60,12,24,12,24,12,60,12,24,12,24,12,24,12,24,12,24,12,24,12,24,12,24,12,24,12,60,12,60,12,24,12,24,12,60,12,60,12,60,12,24,12,24,12,24,12,24,12,24,12,24,12,24,12,24,12,24,12,60,12,24,12,24,12,24,12,24,12,60,12,24,12,24,12,24,12,24,12,24,12,24,12,24,12,24,12,24,12,24,12,24,12,24,12,24,12,24,12,24,12,24,12,24,12,24,12,24,12,60,12,24,12,60,12,60,12,24,12,24,12,24,12,24,12,60,12,24,12,24,12,60,12,24,12,60,12,24,12,24,12,24,12,24,12,24,12,24,12,24,12,24,12,24,12,24,12,24,12,24,12,24,12,24,12,60,12,24,12,24,12,24,12,24,12,24,12,24,12,24,12,24,12,24,12,24,12,24,12,24,12,24,12,24,12,24,12,24,12,24,12,24,12,24,12,24,12,24,12,24,12,24,12,24,12,24,12,24,12,24,12,60,12,24,12,60,12,24,12,60,12,60,12,24,12,3300"
22,100,"sendir,1:1,1,33512,1,1,168,72,12,60,12,24,12,24,12,24,12,60,12,24,12,24,12,24,12,24,12,60,12,24,12,60,12,60,12,24,12,60,12,60,12,60,12,60,12,60,12,24,12,60,12,24,12,24,12,24,12,24,12,24,12,24,12,60,12,24,12,24,12,60,12,24,12,24,12,24,12,60,12,24,12,24,12,24,12,24,12,24,12,24,12,24,12,24,12,24,12,24,12,24,12,24,12,24,12,24,12,60,12,60,12,60,12,24,12,24,12,60,12,24,12,984,168,72,12,60,12,24,12,24,12,24,12,60,12,24,12,24,12,24,12,24,12,60,12,24,12,60,12,60,12,24,12,60,12,60,12,60,12,60,12,60,12,24,12,60,12,24,12,24,12,24,12,24,12,24,12,24,12,60,12,24,12,24,12,60,12,24,12,24,12,24,12,24,12,24,12,24,12,24,12,24,12,24,12,60,12,60,12,24,12,24,12,60,12,60,12,60,12,24,12,24,12,24,12,24,12,24,12,24,12,24,12,24,12,24,12,60,12,24,12,24,12,24,12,24,12,60,12,24,12,24,12,24,12,24,12,24,12,24,12,24,12,24,12,24,12,24,12,24,12,24,12,24,12,24,12,24,12,24,12,24,12,24,12,24,12,60,12,24,12,60,12,60,12,24,12,24,12,24,12,24,12,60,12,24,12,24,12,24,12,24,12,24,12,24,12,24,12,24,12,24,12,24,12,24,12,24,12,24,12,24,12,24,12,24,12,24,12,24,12,24,12,60,12,24,12,24,12,24,12,24,12,24,12,24,12,24,12,24,12,24,12,24,12,24,12,24,12,24,12,24,12,24,12,24,12,24,12,24,12,24,12,24,12,24,12,24,12,24,12,24,12,24,12,24,12,24,12,60,12,24,12,60,12,60,12,24,12,24,12,24,12,3300"
23,25,"sendir,1:1,1,33512,1,1,168,72,12,60,12,24,12,24,12,24,12,60,12,24,12,24,12,24,12,24,12,60,12,24,12,60,12,60,12,24,12,60,12,60,12,60,12,60,12,60,12,24,12,60,12,24,12,24,12,24,12,24,12,24,12,24,12,60,12,24,12,24,12,60,12,24,12,24,12,24,12,60,12,24,12,24,12,24,12,24,12,24,12,24,12,24,12,24,12,24,12,24,12,24,12,24,12,24,12,24,12,60,12,60,12,60,12,24,12,24,12,60,12,24,12,984,168,72,12,60,12,24,12,24,12,24,12,60,12,24,12,24,12,24,12,24,12,60,12,24,12,60,12,60,12,24,12,60,12,60,12,60,12,60,12,60,12,24,12,60,12,24,12,24,12,24,12,24,12,24,12,24,12,60,12,24,12,24,12,60,12,24,12,24,12,24,12,24,12,24,12,24,12,24,12,24,12,24,12,60,12,60,12,24,12,24,12,60,12,60,12,60,12,24,12,24,12,24,12,24,12,24,12,24,12,24,12,24,12,24,12,60,12,24,12,24,12,24,12,24,12,60,12,24,12,24,12,24,12,24,12,24,12,24,12,24,12,24,12,24,12,24,12,24,12,24,12,24,12,24,12,24,12,24,12,24,12,24,12,24,12,24,12,60,12,60,12,60,12,24,12,24,12,24,12,24,12,60,12,24,12,24,12,60,12,24,12,24,12,24,12,24,12,24,12,24,12,24,12,24,12,24,12,24,12,24,12,24,12,24,12,24,12,24,12,24,12,60,12,24,12,24,12,24,12,24,12,24,12,24,12,24,12,24,12,24,12,24,12,24,12,24,12,24,12,24,12,24,12,24,12,24,12,24,12,24,12,24,12,24,12,24,12,24,12,24,12,24,12,24,12,24,12,24,12,60,12,60,12,24,12,60,12,24,12,24,12,3300"
23,50,"sendir,1:1,1,33512,1,1,168,72,12,60,12,24,12,24,12,24,12,60,12,24,12,24,12,24,12,24,12,60,12,24,12,60,12,60,12,24,12,60,12,60,12,60,12,60,12,60,12,24,12,60,12,24,12,24,12,24,12,24,12,24,12,24,12,60,12,24,12,24,12,60,12,24,12,24,12,24,12,60,12,24,12,24,12,24,12,24,12,24,12,24,12,24,12,24,12,24,12,24,12,24,12,24,12,24,12,24,12,60,12,60,12,60,12,24,12,24,12,60,12,24,12,984,168,72,12,60,12,24,12,24,12,24,12,60,12,24,12,24,12,24,12,24,12,60,12,24,12,60,12,60,12,24,12,60,12,60,12,60,12,60,12,60,12,24,12,60,12,24,12,24,12,24,12,24,12,24,12,24,12,60,12,24,12,24,12,60,12,24,12,24,12,24,12,24,12,24,12,24,12,24,12,24,12,24,12,60,12,60,12,24,12,24,12,60,12,60,12,60,12,24,12,24,12,24,12,24,12,24,12,24,12,24,12,24,12,24,12,60,12,24,12,24,12,24,12,24,12,60,12,24,12,24,12,24,12,24,12,24,12,24,12,24,12,24,12,24,12,24,12,24,12,24,12,24,12,24,12,24,12,24,12,24,12,24,12,24,12,24,12,60,12,60,12,60,12,24,12,24,12,24,12,24,12,60,12,24,12,24,12,60,12,60,12,24,12,24,12,24,12,24,12,24,12,24,12,24,12,24,12,24,12,24,12,24,12,24,12,24,12,24,12,24,12,60,12,24,12,24,12,24,12,24,12,24,12,24,12,24,12,24,12,24,12,24,12,24,12,24,12,24,12,24,12,24,12,24,12,24,12,24,12,24,12,24,12,24,12,24,12,24,12,24,12,24,12,24,12,24,12,24,12,60,12,60,12,24,12,24,12,60,12,24,12,3300"
23,75,"sendir,1:1,1,33512,1,1,168,72,12,60,12,24,12,24,12,24,12,60,12,24,12,24,12,24,12,24,12,60,12,24,12,60,12,60,12,24,12,60,12,60,12,60,12,60,12,60,12,24,12,60,12,24,12,24,12,24,12,24,12,24,12,24,12,60,12,24,12,24,12,60,12,24,12,24,12,24,12,60,12,24,12,24,12,24,12,24,12,24,12,24,12,24,12,24,12,24,12,24,12,24,12,24,12,24,12,24,12,60,12,60,12,60,12,24,12,24,12,60,12,24,12,984,168,72,12,60,12,24,12,24,12,24,12,60,12,24,12,24,12,24,12,24,12,60,12,24,12,60,12,60,12,24,12,60,12,60,12,60,12,60,12,60,12,24,12,60,12,24,12,24,12,24,12,24,12,24,12,24,12,60,12,24,12,24,12,60,12,24,12,24,12,24,12,24,12,24,12,24,12,24,12,24,12,24,12,60,12,60,12,24,12,24,12,60,12,60,12,60,12,24,12,24,12,24,12,24,12,24,12,24,12,24,12,24,12,24,12,60,12,24,12,24,12,24,12,24,12,60,12,24,12,24,12,24,12,24,12,24,12,24,12,24,12,24,12,24,12,24,12,24,12,24,12,24,12,24,12,24,12,24,12,24,12,24,12,24,12,24,12,60,12,60,12,60,12,24,12,24,12,24,12,24,12,60,12,24,12,24,12,60,12,24,12,60,12,24,12,24,12,24,12,24,12,24,12,24,12,24,12,24,12,24,12,24,12,24,12,24,12,24,12,24,12,60,12,24,12,24,12,24,12,24,12,24,12,24,12,24,12,24,12,24,12,24,12,24,12,24,12,24,12,24,12,24,12,24,12,24,12,24,12,24,12,24,12,24,12,24,12,24,12,24,12,24,12,24,12,24,12,24,12,60,12,60,12,24,12,60,12,60,12,24,12,3300"
23,100,"sendir,1:1,1,33512,1,1,168,72,12,60,12,24,12,24,12,24,12,60,12,24,12,24,12,24,12,24,12,60,12,24,12,60,12,60,12,24,12,60,12,60,12,60,12,60,12,60,12,24,12,60,12,24,12,24,12,24,12,24,12,24,12,24,12,60,12,24,12,24,12,60,12,24,12,24,12,24,12,60,12,24,12,24,12,24,12,24,12,24,12,24,12,24,12,24,12,24,12,24,12,24,12,24,12,24,12,24,12,60,12,60,12,60,12,24,12,24,12,60,12,24,12,984,168,72,12,60,12,24,12,24,12,24,12,60,12,24,12,24,12,24,12,24,12,60,12,24,12,60,12,60,12,24,12,60,12,60,12,60,12,60,12,60,12,24,12,60,12,24,12,24,12,24,12,24,12,24,12,24,12,60,12,24,12,24,12,60,12,24,12,24,12,24,12,24,12,24,12,24,12,24,12,24,12,24,12,60,12,60,12,24,12,24,12,60,12,60,12,60,12,24,12,24,12,24,12,24,12,24,12,24,12,24,12,24,12,24,12,60,12,24,12,24,12,24,12,24,12,60,12,24,12,24,12,24,12,24,12,24,12,24,12,24,12,24,12,24,12,24,12,24,12,24,12,24,12,24,12,24,12,24,12,24,12,24,12,24,12,24,12,60,12,60,12,60,12,24,12,24,12,24,12,24,12,60,12,24,12,24,12,24,12,24,12,24,12,24,12,24,12,24,12,24,12,24,12,24,12,24,12,24,12,24,12,24,12,24,12,24,12,24,12,24,12,60,12,24,12,24,12,24,12,24,12,24,12,24,12,24,12,24,12,24,12,24,12,24,12,24,12,24,12,24,12,24,12,24,12,24,12,24,12,24,12,24,12,24,12,24,12,24,12,24,12,24,12,24,12,24,12,24,12,60,12,60,12,60,12,24,12,24,12,24,12,3300"
24,25,"sendir,1:1,1,33512,1,1,168,72,12,60,12,24,12,24,12,24,12,60,12,24,12,24,12,24,12,24,12,60,12,24,12,60,12,60,12,24,12,60,12,60,12,60,12,60,12,60,12,24,12,60,12,24,12,24,12,24,12,24,12,24,12,24,12,60,12,24,12,24,12,60,12,24,12,24,12,24,12,60,12,24,12,24,12,24,12,24,12,24,12,24,12,24,12,24,12,24,12,24,12,24,12,24,12,24,12,24,12,60,12,60,12,60,12,24,12,24,12,60,12,24,12,984,168,72,12,60,12,24,12,24,12,24,12,60,12,24,12,24,12,24,12,24,12,60,12,24,12,60,12,60,12,24,12,60,12,60,12,60,12,60,12,60,12,24,12,60,12,24,12,24,12,24,12,24,12,24,12,24,12,60,12,24,12,24,12,60,12,24,12,24,12,24,12,24,12,24,12,24,12,24,12,24,12,24,12,60,12,60,12,24,12,24,12,60,12,60,12,60,12,24,12,24,12,24,12,24,12,24,12,24,12,24,12,24,12,24,12,60,12,24,12,24,12,24,12,24,12,60,12,24,12,24,12,24,12,24,12,24,12,24,12,24,12,24,12,24,12,24,12,24,12,24,12,24,12,24,12,24,12,24,12,24,12,24,12,24,12,60,12,60,12,60,12,60,12,24,12,24,12,24,12,24,12,60,12,24,12,24,12,60,12,24,12,24,12,24,12,24,12,24,12,24,12,24,12,24,12,24,12,24,12,24,12,24,12,24,12,24,12,24,12,24,12,60,12,24,12,24,12,24,12,24,12,24,12,24,12,24,12,24,12,24,12,24,12,24,12,24,12,24,12,24,12,24,12,24,12,24,12,24,12,24,12,24,12,24,12,24,12,24,12,24,12,24,12,24,12,24,12,60,12,60,12,60,12,24,12,60,12,24,12,24,12,3300"
24,50,"sendir,1:1,1,33512,1,1,168,72,12,60,12,24,12,24,12,24,12,60,12,24,12,24,12,24,12,24,12,60,12,24,12,60,12,60,12,24,12,60,12,60,12,60,12,60,12,60,12,24,12,60,12,24,12,24,12,24,12,24,12,24,12,24,12,60,12,24,12,24,12,60,12,24,12,24,12,24,12,60,12,24,12,24,12,24,12,24,12,24,12,24,12,24,12,24,12,24,12,24,12,24,12,24,12,24,12,24,12,60,12,60,12,60,12,24,12,24,12,60,12,24,12,984,168,72,12,60,12,24,12,24,12,24,12,60,12,24,12,24,12,24,12,24,12,60,12,24,12,60,12,60,12,24,12,60,12,60,12,60,12,60,12,60,12,24,12,60,12,24,12,24,12,24,12,24,12,24,12,24,12,60,12,24,12,24,12,60,12,24,12,24,12,24,12,24,12,24,12,24,12,24,12,24,12,24,12,60,12,60,12,24,12,24,12,60,12,60,12,60,12,24,12,24,12,24,12,24,12,24,12,24,12,24,12,24,12,24,12,60,12,24,12,24,12,24,12,24,12,60,12,24,12,24,12,24,12,24,12,24,12,24,12,24,12,24,12,24,12,24,12,24,12,24,12,24,12,24,12,24,12,24,12,24,12,24,12,24,12,60,12,60,12,60,12,60,12,24,12,24,12,24,12,24,12,60,12,24,12,24,12,60,12,60,12,24,12,24,12,24,12,24,12,24,12,24,12,24,12,24,12,24,12,24,12,24,12,24,12,24,12,24,12,24,12,60,12,24,12,24,12,24,12,24,12,24,12,24,12,24,12,24,12,24,12,24,12,24,12,24,12,24,12,24,12,24,12,24,12,24,12,24,12,24,12,24,12,24,12,24,12,24,12,24,12,24,12,24,12,24,12,60,12,60,12,60,12,24,12,24,12,60,12,24,12,3300"
24,75,"sendir,1:1,1,33512,1,1,168,72,12,60,12,24,12,24,12,24,12,60,12,24,12,24,12,24,12,24,12,60,12,24,12,60,12,60,12,24,12,60,12,60,12,60,12,60,12,60,12,24,12,60,12,24,12,24,12,24,12,24,12,24,12,24,12,60,12,24,12,24,12,60,12,24,12,24,12,24,12,60,12,24,12,24,12,24,12,24,12,24,12,24,12,24,12,24,12,24,12,24,12,24,12,24,12,24,12,24,12,60,12,60,12,60,12,24,12,24,12,60,12,24,12,984,168,72,12,60,12,24,12,24,12,24,12,60,12,24,12,24,12,24,12,24,12,60,12,24,12,60,12,60,12,24,12,60,12,60,12,60,12,60,12,60,12,24,12,60,12,24,12,24,12,24,12,24,12,24,12,24,12,60,12,24,12,24,12,60,12,24,12,24,12,24,12,24,12,24,12,24,12,24,12,24,12,24,12,60,12,60,12,24,12,24,12,60,12,60,12,60,12,24,12,24,12,24,12,24,12,24,12,24,12,24,12,24,12,24,12,60,12,24,12,24,12,24,12,24,12,60,12,24,12,24,12,24,12,24,12,24,12,24,12,24,12,24,12,24,12,24,12,24,12,24,12,24,12,24,12,24,12,24,12,24,12,24,12,24,12,60,12,60,12,60,12,60,12,24,12,24,12,24,12,24,12,60,12,24,12,24,12,60,12,24,12,60,12,24,12,24,12,24,12,24,12,24,12,24,12,24,12,24,12,24,12,24,12,24,12,24,12,24,12,24,12,60,12,24,12,24,12,24,12,24,12,24,12,24,12,24,12,24,12,24,12,24,12,24,12,24,12,24,12,24,12,24,12,24,12,24,12,24,12,24,12,24,12,24,12,24,12,24,12,24,12,24,12,24,12,24,12,60,12,60,12,60,12,24,12,60,12,60,12,24,12,3300"
24,100,"sendir,1:1,1,33512,1,1,168,72,12,60,12,24,12,24,12,24,12,60,12,24,12,24,12,24,12,24,12,60,12,24,12,60,12,60,12,24,12,60,12,60,12,60,12,60,12,60,12,24,12,60,12,24,12,24,12,24,12,24,12,24,12,24,12,60,12,24,12,24,12,60,12,24,12,24,12,24,12,60,12,24,12,24,12,24,12,24,12,24,12,24,12,24,12,24,12,24,12,24,12,24,12,24,12,24,12,24,12,60,12,60,12,60,12,24,12,24,12,60,12,24,12,984,168,72,12,60,12,24,12,24,12,24,12,60,12,24,12,24,12,24,12,24,12,60,12,24,12,60,12,60,12,24,12,60,12,60,12,60,12,60,12,60,12,24,12,60,12,24,12,24,12,24,12,24,12,24,12,24,12,60,12,24,12,24,12,60,12,24,12,24,12,24,12,24,12,24,12,24,12,24,12,24,12,24,12,60,12,60,12,24,12,24,12,60,12,60,12,60,12,24,12,24,12,24,12,24,12,24,12,24,12,24,12,24,12,24,12,60,12,24,12,24,12,24,12,24,12,60,12,24,12,24,12,24,12,24,12,24,12,24,12,24,12,24,12,24,12,24,12,24,12,24,12,24,12,24,12,24,12,24,12,24,12,24,12,24,12,60,12,60,12,60,12,60,12,24,12,24,12,24,12,24,12,60,12,24,12,24,12,24,12,24,12,24,12,24,12,24,12,24,12,24,12,24,12,24,12,24,12,24,12,24,12,24,12,24,12,24,12,24,12,24,12,60,12,24,12,24,12,24,12,24,12,24,12,24,12,24,12,24,12,24,12,24,12,24,12,24,12,24,12,24,12,24,12,24,12,24,12,24,12,24,12,24,12,24,12,24,12,24,12,24,12,24,12,24,12,24,12,60,12,60,12,60,12,60,12,24,12,24,12,24,12,3300"
25,25,"sendir,1:1,1,33512,1,1,168,72,12,60,12,24,12,24,12,24,12,60,12,24,12,24,12,24,12,24,12,60,12,24,12,60,12,60,12,24,12,60,12,60,12,60,12,60,12,60,12,24,12,60,12,24,12,24,12,24,12,24,12,24,12,24,12,60,12,24,12,24,12,60,12,24,12,24,12,24,12,60,12,24,12,24,12,24,12,24,12,24,12,24,12,24,12,24,12,24,12,24,12,24,12,24,12,24,12,24,12,60,12,60,12,60,12,24,12,24,12,60,12,24,12,984,168,72,12,60,12,24,12,24,12,24,12,60,12,24,12,24,12,24,12,24,12,60,12,24,12,60,12,60,12,24,12,60,12,60,12,60,12,60,12,60,12,24,12,60,12,24,12,24,12,24,12,24,12,24,12,24,12,60,12,24,12,24,12,60,12,24,12,24,12,24,12,24,12,24,12,24,12,24,12,24,12,24,12,60,12,60,12,24,12,24,12,60,12,60,12,60,12,24,12,24,12,24,12,24,12,24,12,24,12,24,12,24,12,24,12,60,12,24,12,24,12,24,12,24,12,60,12,24,12,24,12,24,12,24,12,24,12,24,12,24,12,24,12,24,12,24,12,24,12,24,12,24,12,24,12,24,12,24,12,24,12,24,12,24,12,24,12,24,12,24,12,24,12,60,12,24,12,24,12,24,12,60,12,24,12,24,12,60,12,24,12,24,12,24,12,24,12,24,12,24,12,24,12,24,12,24,12,24,12,24,12,24,12,24,12,24,12,24,12,24,12,60,12,24,12,24,12,24,12,24,12,24,12,24,12,24,12,24,12,24,12,24,12,24,12,24,12,24,12,24,12,24,12,24,12,24,12,24,12,24,12,24,12,24,12,24,12,24,12,24,12,24,12,24,12,24,12,24,12,24,12,24,12,60,12,60,12,24,12,24,12,3300"
25,50,"sendir,1:1,1,33512,1,1,168,72,12,60,12,24,12,24,12,24,12,60,12,24,12,24,12,24,12,24,12,60,12,24,12,60,12,60,12,24,12,60,12,60,12,60,12,60,12,60,12,24,12,60,12,24,12,24,12,24,12,24,12,24,12,24,12,60,12,24,12,24,12,60,12,24,12,24,12,24,12,60,12,24,12,24,12,24,12,24,12,24,12,24,12,24,12,24,12,24,12,24,12,24,12,24,12,24,12,24,12,60,12,60,12,60,12,24,12,24,12,60,12,24,12,984,168,72,12,60,12,24,12,24,12,24,12,60,12,24,12,24,12,24,12,24,12,60,12,24,12,60,12,60,12,24,12,60,12,60,12,60,12,60,12,60,12,24,12,60,12,24,12,24,12,24,12,24,12,24,12,24,12,60,12,24,12,24,12,60,12,24,12,24,12,24,12,24,12,24,12,24,12,24,12,24,12,24,12,60,12,60,12,24,12,24,12,60,12,60,12,60,12,24,12,24,12,24,12,24,12,24,12,24,12,24,12,24,12,24,12,60,12,24,12,24,12,24,12,24,12,60,12,24,12,24,12,24,12,24,12,24,12,24,12,24,12,24,12,24,12,24,12,24,12,24,12,24,12,24,12,24,12,24,12,24,12,24,12,24,12,24,12,24,12,24,12,24,12,60,12,24,12,24,12,24,12,60,12,24,12,24,12,60,12,60,12,24,12,24,12,24,12,24,12,24,12,24,12,24,12,24,12,24,12,24,12,24,12,24,12,24,12,24,12,24,12,60,12,24,12,24,12,24,12,24,12,24,12,24,12,24,12,24,12,24,12,24,12,24,12,24,12,24,12,24,12,24,12,24,12,24,12,24,12,24,12,24,12,24,12,24,12,24,12,24,12,24,12,24,12,24,12,24,12,24,12,24,12,60,12,24,12,60,12,24,12,3300"
25,75,"sendir,1:1,1,33512,1,1,168,72,12,60,12,24,12,24,12,24,12,60,12,24,12,24,12,24,12,24,12,60,12,24,12,60,12,60,12,24,12,60,12,60,12,60,12,60,12,60,12,24,12,60,12,24,12,24,12,24,12,24,12,24,12,24,12,60,12,24,12,24,12,60,12,24,12,24,12,24,12,60,12,24,12,24,12,24,12,24,12,24,12,24,12,24,12,24,12,24,12,24,12,24,12,24,12,24,12,24,12,60,12,60,12,60,12,24,12,24,12,60,12,24,12,984,168,72,12,60,12,24,12,24,12,24,12,60,12,24,12,24,12,24,12,24,12,60,12,24,12,60,12,60,12,24,12,60,12,60,12,60,12,60,12,60,12,24,12,60,12,24,12,24,12,24,12,24,12,24,12,24,12,60,12,24,12,24,12,60,12,24,12,24,12,24,12,24,12,24,12,24,12,24,12,24,12,24,12,60,12,60,12,24,12,24,12,60,12,60,12,60,12,24,12,24,12,24,12,24,12,24,12,24,12,24,12,24,12,24,12,60,12,24,12,24,12,24,12,24,12,60,12,24,12,24,12,24,12,24,12,24,12,24,12,24,12,24,12,24,12,24,12,24,12,24,12,24,12,24,12,24,12,24,12,24,12,24,12,24,12,24,12,24,12,24,12,24,12,60,12,24,12,24,12,24,12,60,12,24,12,24,12,60,12,24,12,60,12,24,12,24,12,24,12,24,12,24,12,24,12,24,12,24,12,24,12,24,12,24,12,24,12,24,12,24,12,60,12,24,12,24,12,24,12,24,12,24,12,24,12,24,12,24,12,24,12,24,12,24,12,24,12,24,12,24,12,24,12,24,12,24,12,24,12,24,12,24,12,24,12,24,12,24,12,24,12,24,12,24,12,24,12,24,12,24,12,24,12,60,12,60,12,60,12,24,12,3300"
25,100,"sendir,1:1,1,33512,1,1,168,72,12,60,12,24,12,24,12,24,12,60,12,24,12,24,12,24,12,24,12,60,12,24,12,60,12,60,12,24,12,60,12,60,12,60,12,60,12,60,12,24,12,60,12,24,12,24,12,24,12,24,12,24,12,24,12,60,12,24,12,24,12,60,12,24,12,24,12,24,12,60,12,24,12,24,12,24,12,24,12,24,12,24,12,24,12,24,12,24,12,24,12,24,12,24,12,24,12,24,12,60,12,60,12,60,12,24,12,24,12,60,12,24,12,984,168,72,12,60,12,24,12,24,12,24,12,60,12,24,12,24,12,24,12,24,12,60,12,24,12,60,12,60,12,24,12,60,12,60,12,60,12,60,12,60,12,24,12,60,12,24,12,24,12,24,12,24,12,24,12,24,12,60,12,24,12,24,12,60,12,24,12,24,12,24,12,24,12,24,12,24,12,24,12,24,12,24,12,60,12,60,12,24,12,24,12,60,12,60,12,60,12,24,12,24,12,24,12,24,12,24,12,24,12,24,12,24,12,24,12,60,12,24,12,24,12,24,12,24,12,60,12,24,12,24,12,24,12,24,12,24,12,24,12,24,12,24,12,24,12,24,12,24,12,24,12,24,12,24,12,24,12,24,12,24,12,24,12,24,12,24,12,24,12,24,12,24,12,60,12,24,12,24,12,24,12,60,12,24,12,24,12,24,12,24,12,24,12,24,12,24,12,24,12,24,12,24,12,24,12,24,12,24,12,24,12,24,12,24,12,24,12,24,12,24,12,60,12,24,12,24,12,24,12,24,12,24,12,24,12,24,12,24,12,24,12,24,12,24,12,24,12,24,12,24,12,24,12,24,12,24,12,24,12,24,12,24,12,24,12,24,12,24,12,24,12,24,12,24,12,24,12,24,12,24,12,24,12,24,12,60,12,24,12,24,12,3300"
26,25,"sendir,1:1,1,33512,1,1,168,72,12,60,12,24,12,24,12,24,12,60,12,24,12,24,12,24,12,24,12,60,12,24,12,60,12,60,12,24,12,60,12,60,12,60,12,60,12,60,12,24,12,60,12,24,12,24,12,24,12,24,12,24,12,24,12,60,12,24,12,24,12,60,12,24,12,24,12,24,12,60,12,24,12,24,12,24,12,24,12,24,12,24,12,24,12,24,12,24,12,24,12,24,12,24,12,24,12,24,12,60,12,60,12,60,12,24,12,24,12,60,12,24,12,984,168,72,12,60,12,24,12,24,12,24,12,60,12,24,12,24,12,24,12,24,12,60,12,24,12,60,12,60,12,24,12,60,12,60,12,60,12,60,12,60,12,24,12,60,12,24,12,24,12,24,12,24,12,24,12,24,12,60,12,24,12,24,12,60,12,24,12,24,12,24,12,24,12,24,12,24,12,24,12,24,12,24,12,60,12,60,12,24,12,24,12,60,12,60,12,60,12,24,12,24,12,24,12,24,12,24,12,24,12,24,12,24,12,24,12,60,12,24,12,24,12,24,12,24,12,60,12,24,12,24,12,24,12,24,12,24,12,24,12,24,12,24,12,24,12,24,12,24,12,24,12,24,12,24,12,24,12,24,12,24,12,24,12,24,12,60,12,24,12,24,12,24,12,60,12,24,12,24,12,24,12,60,12,24,12,24,12,60,12,24,12,24,12,24,12,24,12,24,12,24,12,24,12,24,12,24,12,24,12,24,12,24,12,24,12,24,12,24,12,24,12,60,12,24,12,24,12,24,12,24,12,24,12,24,12,24,12,24,12,24,12,24,12,24,12,24,12,24,12,24,12,24,12,24,12,24,12,24,12,24,12,24,12,24,12,24,12,24,12,24,12,24,12,24,12,24,12,60,12,24,12,24,12,60,12,60,12,24,12,24,12,3300"
26,50,"sendir,1:1,1,33512,1,1,168,72,12,60,12,24,12,24,12,24,12,60,12,24,12,24,12,24,12,24,12,60,12,24,12,60,12,60,12,24,12,60,12,60,12,60,12,60,12,60,12,24,12,60,12,24,12,24,12,24,12,24,12,24,12,24,12,60,12,24,12,24,12,60,12,24,12,24,12,24,12,60,12,24,12,24,12,24,12,24,12,24,12,24,12,24,12,24,12,24,12,24,12,24,12,24,12,24,12,24,12,60,12,60,12,60,12,24,12,24,12,60,12,24,12,984,168,72,12,60,12,24,12,24,12,24,12,60,12,24,12,24,12,24,12,24,12,60,12,24,12,60,12,60,12,24,12,60,12,60,12,60,12,60,12,60,12,24,12,60,12,24,12,24,12,24,12,24,12,24,12,24,12,60,12,24,12,24,12,60,12,24,12,24,12,24,12,24,12,24,12,24,12,24,12,24,12,24,12,60,12,60,12,24,12,24,12,60,12,60,12,60,12,24,12,24,12,24,12,24,12,24,12,24,12,24,12,24,12,24,12,60,12,24,12,24,12,24,12,24,12,60,12,24,12,24,12,24,12,24,12,24,12,24,12,24,12,24,12,24,12,24,12,24,12,24,12,24,12,24,12,24,12,24,12,24,12,24,12,24,12,60,12,24,12,24,12,24,12,60,12,24,12,24,12,24,12,60,12,24,12,24,12,60,12,60,12,24,12,24,12,24,12,24,12,24,12,24,12,24,12,24,12,24,12,24,12,24,12,24,12,24,12,24,12,24,12,60,12,24,12,24,12,24,12,24,12,24,12,24,12,24,12,24,12,24,12,24,12,24,12,24,12,24,12,24,12,24,12,24,12,24,12,24,12,24,12,24,12,24,12,24,12,24,12,24,12,24,12,24,12,24,12,60,12,24,12,24,12,60,12,24,12,60,12,24,12,3300"
26,75,"sendir,1:1,1,33512,1,1,168,72,12,60,12,24,12,24,12,24,12,60,12,24,12,24,12,24,12,24,12,60,12,24,12,60,12,60,12,24,12,60,12,60,12,60,12,60,12,60,12,24,12,60,12,24,12,24,12,24,12,24,12,24,12,24,12,60,12,24,12,24,12,60,12,24,12,24,12,24,12,60,12,24,12,24,12,24,12,24,12,24,12,24,12,24,12,24,12,24,12,24,12,24,12,24,12,24,12,24,12,60,12,60,12,60,12,24,12,24,12,60,12,24,12,984,168,72,12,60,12,24,12,24,12,24,12,60,12,24,12,24,12,24,12,24,12,60,12,24,12,60,12,60,12,24,12,60,12,60,12,60,12,60,12,60,12,24,12,60,12,24,12,24,12,24,12,24,12,24,12,24,12,60,12,24,12,24,12,60,12,24,12,24,12,24,12,24,12,24,12,24,12,24,12,24,12,24,12,60,12,60,12,24,12,24,12,60,12,60,12,60,12,24,12,24,12,24,12,24,12,24,12,24,12,24,12,24,12,24,12,60,12,24,12,24,12,24,12,24,12,60,12,24,12,24,12,24,12,24,12,24,12,24,12,24,12,24,12,24,12,24,12,24,12,24,12,24,12,24,12,24,12,24,12,24,12,24,12,24,12,60,12,24,12,24,12,24,12,60,12,24,12,24,12,24,12,60,12,24,12,24,12,60,12,24,12,60,12,24,12,24,12,24,12,24,12,24,12,24,12,24,12,24,12,24,12,24,12,24,12,24,12,24,12,24,12,60,12,24,12,24,12,24,12,24,12,24,12,24,12,24,12,24,12,24,12,24,12,24,12,24,12,24,12,24,12,24,12,24,12,24,12,24,12,24,12,24,12,24,12,24,12,24,12,24,12,24,12,24,12,24,12,60,12,24,12,24,12,60,12,60,12,60,12,24,12,3300"
26,100,"sendir,1:1,1,33512,1,1,168,72,12,60,12,24,12,24,12,24,12,60,12,24,12,24,12,24,12,24,12,60,12,24,12,60,12,60,12,24,12,60,12,60,12,60,12,60,12,60,12,24,12,60,12,24,12,24,12,24,12,24,12,24,12,24,12,60,12,24,12,24,12,60,12,24,12,24,12,24,12,60,12,24,12,24,12,24,12,24,12,24,12,24,12,24,12,24,12,24,12,24,12,24,12,24,12,24,12,24,12,60,12,60,12,60,12,24,12,24,12,60,12,24,12,984,168,72,12,60,12,24,12,24,12,24,12,60,12,24,12,24,12,24,12,24,12,60,12,24,12,60,12,60,12,24,12,60,12,60,12,60,12,60,12,60,12,24,12,60,12,24,12,24,12,24,12,24,12,24,12,24,12,60,12,24,12,24,12,60,12,24,12,24,12,24,12,24,12,24,12,24,12,24,12,24,12,24,12,60,12,60,12,24,12,24,12,60,12,60,12,60,12,24,12,24,12,24,12,24,12,24,12,24,12,24,12,24,12,24,12,60,12,24,12,24,12,24,12,24,12,60,12,24,12,24,12,24,12,24,12,24,12,24,12,24,12,24,12,24,12,24,12,24,12,24,12,24,12,24,12,24,12,24,12,24,12,24,12,24,12,60,12,24,12,24,12,24,12,60,12,24,12,24,12,24,12,60,12,24,12,24,12,24,12,24,12,24,12,24,12,24,12,24,12,24,12,24,12,24,12,24,12,24,12,24,12,24,12,24,12,24,12,24,12,24,12,60,12,24,12,24,12,24,12,24,12,24,12,24,12,24,12,24,12,24,12,24,12,24,12,24,12,24,12,24,12,24,12,24,12,24,12,24,12,24,12,24,12,24,12,24,12,24,12,24,12,24,12,24,12,24,12,60,12,24,12,24,12,24,12,60,12,24,12,24,12,3300"
27,25,"sendir,1:1,1,33512,1,1,168,72,12,60,12,24,12,24,12,24,12,60,12,24,12,24,12,24,12,24,12,60,12,24,12,60,12,60,12,24,12,60,12,60,12,60,12,60,12,60,12,24,12,60,12,24,12,24,12,24,12,24,12,24,12,24,12,60,12,24,12,24,12,60,12,24,12,24,12,24,12,60,12,24,12,24,12,24,12,24,12,24,12,24,12,24,12,24,12,24,12,24,12,24,12,24,12,24,12,24,12,60,12,60,12,60,12,24,12,24,12,60,12,24,12,984,168,72,12,60,12,24,12,24,12,24,12,60,12,24,12,24,12,24,12,24,12,60,12,24,12,60,12,60,12,24,12,60,12,60,12,60,12,60,12,60,12,24,12,60,12,24,12,24,12,24,12,24,12,24,12,24,12,60,12,24,12,24,12,60,12,24,12,24,12,24,12,24,12,24,12,24,12,24,12,24,12,24,12,60,12,60,12,24,12,24,12,60,12,60,12,60,12,24,12,24,12,24,12,24,12,24,12,24,12,24,12,24,12,24,12,60,12,24,12,24,12,24,12,24,12,60,12,24,12,24,12,24,12,24,12,24,12,24,12,24,12,24,12,24,12,24,12,24,12,24,12,24,12,24,12,24,12,24,12,24,12,24,12,24,12,24,12,60,12,24,12,24,12,60,12,24,12,24,12,24,12,60,12,24,12,24,12,60,12,24,12,24,12,24,12,24,12,24,12,24,12,24,12,24,12,24,12,24,12,24,12,24,12,24,12,24,12,24,12,24,12,60,12,24,12,24,12,24,12,24,12,24,12,24,12,24,12,24,12,24,12,24,12,24,12,24,12,24,12,24,12,24,12,24,12,24,12,24,12,24,12,24,12,24,12,24,12,24,12,24,12,24,12,24,12,24,12,24,12,60,12,24,12,60,12,60,12,24,12,24,12,3300"
27,50,"sendir,1:1,1,33512,1,1,168,72,12,60,12,24,12,24,12,24,12,60,12,24,12,24,12,24,12,24,12,60,12,24,12,60,12,60,12,24,12,60,12,60,12,60,12,60,12,60,12,24,12,60,12,24,12,24,12,24,12,24,12,24,12,24,12,60,12,24,12,24,12,60,12,24,12,24,12,24,12,60,12,24,12,24,12,24,12,24,12,24,12,24,12,24,12,24,12,24,12,24,12,24,12,24,12,24,12,24,12,60,12,60,12,60,12,24,12,24,12,60,12,24,12,984,168,72,12,60,12,24,12,24,12,24,12,60,12,24,12,24,12,24,12,24,12,60,12,24,12,60,12,60,12,24,12,60,12,60,12,60,12,60,12,60,12,24,12,60,12,24,12,24,12,24,12,24,12,24,12,24,12,60,12,24,12,24,12,60,12,24,12,24,12,24,12,24,12,24,12,24,12,24,12,24,12,24,12,60,12,60,12,24,12,24,12,60,12,60,12,60,12,24,12,24,12,24,12,24,12,24,12,24,12,24,12,24,12,24,12,60,12,24,12,24,12,24,12,24,12,60,12,24,12,24,12,24,12,24,12,24,12,24,12,24,12,24,12,24,12,24,12,24,12,24,12,24,12,24,12,24,12,24,12,24,12,24,12,24,12,24,12,60,12,24,12,24,12,60,12,24,12,24,12,24,12,60,12,24,12,24,12,60,12,60,12,24,12,24,12,24,12,24,12,24,12,24,12,24,12,24,12,24,12,24,12,24,12,24,12,24,12,24,12,24,12,60,12,24,12,24,12,24,12,24,12,24,12,24,12,24,12,24,12,24,12,24,12,24,12,24,12,24,12,24,12,24,12,24,12,24,12,24,12,24,12,24,12,24,12,24,12,24,12,24,12,24,12,24,12,24,12,24,12,60,12,24,12,60,12,24,12,60,12,24,12,3300"
27,75,"sendir,1:1,1,33512,1,1,168,72,12,60,12,24,12,24,12,24,12,60,12,24,12,24,12,24,12,24,12,60,12,24,12,60,12,60,12,24,12,60,12,60,12,60,12,60,12,60,12,24,12,60,12,24,12,24,12,24,12,24,12,24,12,24,12,60,12,24,12,24,12,60,12,24,12,24,12,24,12,60,12,24,12,24,12,24,12,24,12,24,12,24,12,24,12,24,12,24,12,24,12,24,12,24,12,24,12,24,12,60,12,60,12,60,12,24,12,24,12,60,12,24,12,984,168,72,12,60,12,24,12,24,12,24,12,60,12,24,12,24,12,24,12,24,12,60,12,24,12,60,12,60,12,24,12,60,12,60,12,60,12,60,12,60,12,24,12,60,12,24,12,24,12,24,12,24,12,24,12,24,12,60,12,24,12,24,12,60,12,24,12,24,12,24,12,24,12,24,12,24,12,24,12,24,12,24,12,60,12,60,12,24,12,24,12,60,12,60,12,60,12,24,12,24,12,24,12,24,12,24,12,24,12,24,12,24,12,24,12,60,12,24,12,24,12,24,12,24,12,60,12,24,12,24,12,24,12,24,12,24,12,24,12,24,12,24,12,24,12,24,12,24,12,24,12,24,12,24,12,24,12,24,12,24,12,24,12,24,12,24,12,60,12,24,12,24,12,60,12,24,12,24,12,24,12,60,12,24,12,24,12,60,12,24,12,60,12,24,12,24,12,24,12,24,12,24,12,24,12,24,12,24,12,24,12,24,12,24,12,24,12,24,12,24,12,60,12,24,12,24,12,24,12,24,12,24,12,24,12,24,12,24,12,24,12,24,12,24,12,24,12,24,12,24,12,24,12,24,12,24,12,24,12,24,12,24,12,24,12,24,12,24,12,24,12,24,12,24,12,24,12,24,12,60,12,24,12,60,12,60,12,60,12,24,12,3300"
27,100,"sendir,1:1,1,33512,1,1,168,72,12,60,12,24,12,24,12,24,12,60,12,24,12,24,12,24,12,24,12,60,12,24,12,60,12,60,12,24,12,60,12,60,12,60,12,60,12,60,12,24,12,60,12,24,12,24,12,24,12,24,12,24,12,24,12,60,12,24,12,24,12,60,12,24,12,24,12,24,12,60,12,24,12,24,12,24,12,24,12,24,12,24,12,24,12,24,12,24,12,24,12,24,12,24,12,24,12,24,12,60,12,60,12,60,12,24,12,24,12,60,12,24,12,984,168,72,12,60,12,24,12,24,12,24,12,60,12,24,12,24,12,24,12,24,12,60,12,24,12,60,12,60,12,24,12,60,12,60,12,60,12,60,12,60,12,24,12,60,12,24,12,24,12,24,12,24,12,24,12,24,12,60,12,24,12,24,12,60,12,24,12,24,12,24,12,24,12,24,12,24,12,24,12,24,12,24,12,60,12,60,12,24,12,24,12,60,12,60,12,60,12,24,12,24,12,24,12,24,12,24,12,24,12,24,12,24,12,24,12,60,12,24,12,24,12,24,12,24,12,60,12,24,12,24,12,24,12,24,12,24,12,24,12,24,12,24,12,24,12,24,12,24,12,24,12,24,12,24,12,24,12,24,12,24,12,24,12,24,12,24,12,60,12,24,12,24,12,60,12,24,12,24,12,24,12,60,12,24,12,24,12,24,12,24,12,24,12,24,12,24,12,24,12,24,12,24,12,24,12,24,12,24,12,24,12,24,12,24,12,24,12,24,12,24,12,60,12,24,12,24,12,24,12,24,12,24,12,24,12,24,12,24,12,24,12,24,12,24,12,24,12,24,12,24,12,24,12,24,12,24,12,24,12,24,12,24,12,24,12,24,12,24,12,24,12,24,12,24,12,24,12,24,12,60,12,24,12,24,12,60,12,24,12,24,12,3300"
28,25,"sendir,1:1,1,33512,1,1,168,72,12,60,12,24,12,24,12,24,12,60,12,24,12,24,12,24,12,24,12,60,12,24,12,60,12,60,12,24,12,60,12,60,12,60,12,60,12,60,12,24,12,60,12,24,12,24,12,24,12,24,12,24,12,24,12,60,12,24,12,24,12,60,12,24,12,24,12,24,12,60,12,24,12,24,12,24,12,24,12,24,12,24,12,24,12,24,12,24,12,24,12,24,12,24,12,24,12,24,12,60,12,60,12,60,12,24,12,24,12,60,12,24,12,984,168,72,12,60,12,24,12,24,12,24,12,60,12,24,12,24,12,24,12,24,12,60,12,24,12,60,12,60,12,24,12,60,12,60,12,60,12,60,12,60,12,24,12,60,12,24,12,24,12,24,12,24,12,24,12,24,12,60,12,24,12,24,12,60,12,24,12,24,12,24,12,24,12,24,12,24,12,24,12,24,12,24,12,60,12,60,12,24,12,24,12,60,12,60,12,60,12,24,12,24,12,24,12,24,12,24,12,24,12,24,12,24,12,24,12,60,12,24,12,24,12,24,12,24,12,60,12,24,12,24,12,24,12,24,12,24,12,24,12,24,12,24,12,24,12,24,12,24,12,24,12,24,12,24,12,24,12,24,12,24,12,24,12,24,12,60,12,60,12,24,12,24,12,60,12,24,12,24,12,24,12,60,12,24,12,24,12,60,12,24,12,24,12,24,12,24,12,24,12,24,12,24,12,24,12,24,12,24,12,24,12,24,12,24,12,24,12,24,12,24,12,60,12,24,12,24,12,24,12,24,12,24,12,24,12,24,12,24,12,24,12,24,12,24,12,24,12,24,12,24,12,24,12,24,12,24,12,24,12,24,12,24,12,24,12,24,12,24,12,24,12,24,12,24,12,24,12,60,12,60,12,24,12,60,12,60,12,24,12,24,12,3300"
28,50,"sendir,1:1,1,33512,1,1,168,72,12,60,12,24,12,24,12,24,12,60,12,24,12,24,12,24,12,24,12,60,12,24,12,60,12,60,12,24,12,60,12,60,12,60,12,60,12,60,12,24,12,60,12,24,12,24,12,24,12,24,12,24,12,24,12,60,12,24,12,24,12,60,12,24,12,24,12,24,12,60,12,24,12,24,12,24,12,24,12,24,12,24,12,24,12,24,12,24,12,24,12,24,12,24,12,24,12,24,12,60,12,60,12,60,12,24,12,24,12,60,12,24,12,984,168,72,12,60,12,24,12,24,12,24,12,60,12,24,12,24,12,24,12,24,12,60,12,24,12,60,12,60,12,24,12,60,12,60,12,60,12,60,12,60,12,24,12,60,12,24,12,24,12,24,12,24,12,24,12,24,12,60,12,24,12,24,12,60,12,24,12,24,12,24,12,24,12,24,12,24,12,24,12,24,12,24,12,60,12,60,12,24,12,24,12,60,12,60,12,60,12,24,12,24,12,24,12,24,12,24,12,24,12,24,12,24,12,24,12,60,12,24,12,24,12,24,12,24,12,60,12,24,12,24,12,24,12,24,12,24,12,24,12,24,12,24,12,24,12,24,12,24,12,24,12,24,12,24,12,24,12,24,12,24,12,24,12,24,12,60,12,60,12,24,12,24,12,60,12,24,12,24,12,24,12,60,12,24,12,24,12,60,12,60,12,24,12,24,12,24,12,24,12,24,12,24,12,24,12,24,12,24,12,24,12,24,12,24,12,24,12,24,12,24,12,60,12,24,12,24,12,24,12,24,12,24,12,24,12,24,12,24,12,24,12,24,12,24,12,24,12,24,12,24,12,24,12,24,12,24,12,24,12,24,12,24,12,24,12,24,12,24,12,24,12,24,12,24,12,24,12,60,12,60,12,24,12,60,12,24,12,60,12,24,12,3300"
28,75,"sendir,1:1,1,33512,1,1,168,72,12,60,12,24,12,24,12,24,12,60,12,24,12,24,12,24,12,24,12,60,12,24,12,60,12,60,12,24,12,60,12,60,12,60,12,60,12,60,12,24,12,60,12,24,12,24,12,24,12,24,12,24,12,24,12,60,12,24,12,24,12,60,12,24,12,24,12,24,12,60,12,24,12,24,12,24,12,24,12,24,12,24,12,24,12,24,12,24,12,24,12,24,12,24,12,24,12,24,12,60,12,60,12,60,12,24,12,24,12,60,12,24,12,984,168,72,12,60,12,24,12,24,12,24,12,60,12,24,12,24,12,24,12,24,12,60,12,24,12,60,12,60,12,24,12,60,12,60,12,60,12,60,12,60,12,24,12,60,12,24,12,24,12,24,12,24,12,24,12,24,12,60,12,24,12,24,12,60,12,24,12,24,12,24,12,24,12,24,12,24,12,24,12,24,12,24,12,60,12,60,12,24,12,24,12,60,12,60,12,60,12,24,12,24,12,24,12,24,12,24,12,24,12,24,12,24,12,24,12,60,12,24,12,24,12,24,12,24,12,60,12,24,12,24,12,24,12,24,12,24,12,24,12,24,12,24,12,24,12,24,12,24,12,24,12,24,12,24,12,24,12,24,12,24,12,24,12,24,12,60,12,60,12,24,12,24,12,60,12,24,12,24,12,24,12,60,12,24,12,24,12,60,12,24,12,60,12,24,12,24,12,24,12,24,12,24,12,24,12,24,12,24,12,24,12,24,12,24,12,24,12,24,12,24,12,60,12,24,12,24,12,24,12,24,12,24,12,24,12,24,12,24,12,24,12,24,12,24,12,24,12,24,12,24,12,24,12,24,12,24,12,24,12,24,12,24,12,24,12,24,12,24,12,24,12,24,12,24,12,24,12,60,12,60,12,24,12,60,12,60,12,60,12,24,12,3300"
28,100,"sendir,1:1,1,33512,1,1,168,72,12,60,12,24,12,24,12,24,12,60,12,24,12,24,12,24,12,24,12,60,12,24,12,60,12,60,12,24,12,60,12,60,12,60,12,60,12,60,12,24,12,60,12,24,12,24,12,24,12,24,12,24,12,24,12,60,12,24,12,24,12,60,12,24,12,24,12,24,12,60,12,24,12,24,12,24,12,24,12,24,12,24,12,24,12,24,12,24,12,24,12,24,12,24,12,24,12,24,12,60,12,60,12,60,12,24,12,24,12,60,12,24,12,984,168,72,12,60,12,24,12,24,12,24,12,60,12,24,12,24,12,24,12,24,12,60,12,24,12,60,12,60,12,24,12,60,12,60,12,60,12,60,12,60,12,24,12,60,12,24,12,24,12,24,12,24,12,24,12,24,12,60,12,24,12,24,12,60,12,24,12,24,12,24,12,24,12,24,12,24,12,24,12,24,12,24,12,60,12,60,12,24,12,24,12,60,12,60,12,60,12,24,12,24,12,24,12,24,12,24,12,24,12,24,12,24,12,24,12,60,12,24,12,24,12,24,12,24,12,60,12,24,12,24,12,24,12,24,12,24,12,24,12,24,12,24,12,24,12,24,12,24,12,24,12,24,12,24,12,24,12,24,12,24,12,24,12,24,12,60,12,60,12,24,12,24,12,60,12,24,12,24,12,24,12,60,12,24,12,24,12,24,12,24,12,24,12,24,12,24,12,24,12,24,12,24,12,24,12,24,12,24,12,24,12,24,12,24,12,24,12,24,12,24,12,60,12,24,12,24,12,24,12,24,12,24,12,24,12,24,12,24,12,24,12,24,12,24,12,24,12,24,12,24,12,24,12,24,12,24,12,24,12,24,12,24,12,24,12,24,12,24,12,24,12,24,12,24,12,24,12,60,12,60,12,24,12,24,12,60,12,24,12,24,12,3300"
29,25,"sendir,1:1,1,33512,1,1,168,72,12,60,12,24,12,24,12,24,12,60,12,24,12,24,12,24,12,24,12,60,12,24,12,60,12,60,12,24,12,60,12,60,12,60,12,60,12,60,12,24,12,60,12,24,12,24,12,24,12,24,12,24,12,24,12,60,12,24,12,24,12,60,12,24,12,24,12,24,12,60,12,24,12,24,12,24,12,24,12,24,12,24,12,24,12,24,12,24,12,24,12,24,12,24,12,24,12,24,12,60,12,60,12,60,12,24,12,24,12,60,12,24,12,984,168,72,12,60,12,24,12,24,12,24,12,60,12,24,12,24,12,24,12,24,12,60,12,24,12,60,12,60,12,24,12,60,12,60,12,60,12,60,12,60,12,24,12,60,12,24,12,24,12,24,12,24,12,24,12,24,12,60,12,24,12,24,12,60,12,24,12,24,12,24,12,24,12,24,12,24,12,24,12,24,12,24,12,60,12,60,12,24,12,24,12,60,12,60,12,60,12,24,12,24,12,24,12,24,12,24,12,24,12,24,12,24,12,24,12,60,12,24,12,24,12,24,12,24,12,60,12,24,12,24,12,24,12,24,12,24,12,24,12,24,12,24,12,24,12,24,12,24,12,24,12,24,12,24,12,24,12,24,12,24,12,24,12,24,12,24,12,24,12,60,12,24,12,60,12,24,12,24,12,24,12,60,12,24,12,24,12,60,12,24,12,24,12,24,12,24,12,24,12,24,12,24,12,24,12,24,12,24,12,24,12,24,12,24,12,24,12,24,12,24,12,60,12,24,12,24,12,24,12,24,12,24,12,24,12,24,12,24,12,24,12,24,12,24,12,24,12,24,12,24,12,24,12,24,12,24,12,24,12,24,12,24,12,24,12,24,12,24,12,24,12,24,12,24,12,24,12,24,12,24,12,60,12,60,12,60,12,24,12,24,12,3300"
29,50,"sendir,1:1,4,33512,1,1,168,72,12,60,12,24,12,24,12,24,12,60,12,24,12,24,12,24,12,24,12,60,12,24,12,60,12,60,12,24,12,60,12,60,12,60,12,60,12,60,12,24,12,60,12,24,12,24,12,24,12,24,12,24,12,24,12,60,12,24,12,24,12,60,12,24,12,24,12,24,12,60,12,24,12,24,12,24,12,24,12,24,12,24,12,24,12,24,12,24,12,24,12,24,12,24,12,24,12,24,12,60,12,60,12,60,12,24,12,24,12,60,12,24,12,984,168,72,12,60,12,24,12,24,12,24,12,60,12,24,12,24,12,24,12,24,12,60,12,24,12,60,12,60,12,24,12,60,12,60,12,60,12,60,12,60,12,24,12,60,12,24,12,24,12,24,12,24,12,24,12,24,12,60,12,24,12,24,12,60,12,24,12,24,12,24,12,24,12,24,12,24,12,24,12,24,12,24,12,60,12,60,12,24,12,24,12,60,12,60,12,60,12,24,12,24,12,24,12,24,12,24,12,24,12,24,12,24,12,24,12,60,12,24,12,24,12,24,12,24,12,60,12,24,12,24,12,24,12,24,12,24,12,24,12,24,12,24,12,24,12,24,12,24,12,24,12,24,12,24,12,24,12,24,12,24,12,24,12,24,12,24,12,24,12,60,12,24,12,60,12,24,12,24,12,24,12,60,12,24,12,24,12,60,12,60,12,24,12,24,12,24,12,24,12,24,12,24,12,24,12,24,12,24,12,24,12,24,12,24,12,24,12,24,12,24,12,60,12,24,12,24,12,24,12,24,12,24,12,24,12,24,12,24,12,24,12,24,12,24,12,24,12,24,12,24,12,24,12,24,12,24,12,24,12,24,12,24,12,24,12,24,12,24,12,24,12,24,12,24,12,24,12,24,12,24,12,60,12,60,12,24,12,60,12,24,12,3300"
29,75,"sendir,1:1,1,33512,1,1,168,72,12,60,12,24,12,24,12,24,12,60,12,24,12,24,12,24,12,24,12,60,12,24,12,60,12,60,12,24,12,60,12,60,12,60,12,60,12,60,12,24,12,60,12,24,12,24,12,24,12,24,12,24,12,24,12,60,12,24,12,24,12,60,12,24,12,24,12,24,12,60,12,24,12,24,12,24,12,24,12,24,12,24,12,24,12,24,12,24,12,24,12,24,12,24,12,24,12,24,12,60,12,60,12,60,12,24,12,24,12,60,12,24,12,984,168,72,12,60,12,24,12,24,12,24,12,60,12,24,12,24,12,24,12,24,12,60,12,24,12,60,12,60,12,24,12,60,12,60,12,60,12,60,12,60,12,24,12,60,12,24,12,24,12,24,12,24,12,24,12,24,12,60,12,24,12,24,12,60,12,24,12,24,12,24,12,24,12,24,12,24,12,24,12,24,12,24,12,60,12,60,12,24,12,24,12,60,12,60,12,60,12,24,12,24,12,24,12,24,12,24,12,24,12,24,12,24,12,24,12,60,12,24,12,24,12,24,12,24,12,60,12,24,12,24,12,24,12,24,12,24,12,24,12,24,12,24,12,24,12,24,12,24,12,24,12,24,12,24,12,24,12,24,12,24,12,24,12,24,12,24,12,24,12,60,12,24,12,60,12,24,12,24,12,24,12,60,12,24,12,24,12,60,12,24,12,60,12,24,12,24,12,24,12,24,12,24,12,24,12,24,12,24,12,24,12,24,12,24,12,24,12,24,12,24,12,60,12,24,12,24,12,24,12,24,12,24,12,24,12,24,12,24,12,24,12,24,12,24,12,24,12,24,12,24,12,24,12,24,12,24,12,24,12,24,12,24,12,24,12,24,12,24,12,24,12,24,12,24,12,24,12,24,12,24,12,60,12,60,12,60,12,60,12,24,12,3300"
29,100,"sendir,1:1,1,33512,1,1,168,72,12,60,12,24,12,24,12,24,12,60,12,24,12,24,12,24,12,24,12,60,12,24,12,60,12,60,12,24,12,60,12,60,12,60,12,60,12,60,12,24,12,60,12,24,12,24,12,24,12,24,12,24,12,24,12,60,12,24,12,24,12,60,12,24,12,24,12,24,12,60,12,24,12,24,12,24,12,24,12,24,12,24,12,24,12,24,12,24,12,24,12,24,12,24,12,24,12,24,12,60,12,60,12,60,12,24,12,24,12,60,12,24,12,984,168,72,12,60,12,24,12,24,12,24,12,60,12,24,12,24,12,24,12,24,12,60,12,24,12,60,12,60,12,24,12,60,12,60,12,60,12,60,12,60,12,24,12,60,12,24,12,24,12,24,12,24,12,24,12,24,12,60,12,24,12,24,12,60,12,24,12,24,12,24,12,24,12,24,12,24,12,24,12,24,12,24,12,60,12,60,12,24,12,24,12,60,12,60,12,60,12,24,12,24,12,24,12,24,12,24,12,24,12,24,12,24,12,24,12,60,12,24,12,24,12,24,12,24,12,60,12,24,12,24,12,24,12,24,12,24,12,24,12,24,12,24,12,24,12,24,12,24,12,24,12,24,12,24,12,24,12,24,12,24,12,24,12,24,12,24,12,24,12,60,12,24,12,60,12,24,12,24,12,24,12,60,12,24,12,24,12,24,12,24,12,24,12,24,12,24,12,24,12,24,12,24,12,24,12,24,12,24,12,24,12,24,12,24,12,24,12,24,12,24,12,60,12,24,12,24,12,24,12,24,12,24,12,24,12,24,12,24,12,24,12,24,12,24,12,24,12,24,12,24,12,24,12,24,12,24,12,24,12,24,12,24,12,24,12,24,12,24,12,24,12,24,12,24,12,24,12,24,12,24,12,60,12,24,12,60,12,24,12,24,12,3300"
30,25,"sendir,1:1,1,33512,1,1,168,72,12,60,12,24,12,24,12,24,12,60,12,24,12,24,12,24,12,24,12,60,12,24,12,60,12,60,12,24,12,60,12,60,12,60,12,60,12,60,12,24,12,60,12,24,12,24,12,24,12,24,12,24,12,24,12,60,12,24,12,24,12,60,12,24,12,24,12,24,12,60,12,24,12,24,12,24,12,24,12,24,12,24,12,24,12,24,12,24,12,24,12,24,12,24,12,24,12,24,12,60,12,60,12,60,12,24,12,24,12,60,12,24,12,984,168,72,12,60,12,24,12,24,12,24,12,60,12,24,12,24,12,24,12,24,12,60,12,24,12,60,12,60,12,24,12,60,12,60,12,60,12,60,12,60,12,24,12,60,12,24,12,24,12,24,12,24,12,24,12,24,12,60,12,24,12,24,12,60,12,24,12,24,12,24,12,24,12,24,12,24,12,24,12,24,12,24,12,60,12,60,12,24,12,24,12,60,12,60,12,60,12,24,12,24,12,24,12,24,12,24,12,24,12,24,12,24,12,24,12,60,12,24,12,24,12,24,12,24,12,60,12,24,12,24,12,24,12,24,12,24,12,24,12,24,12,24,12,24,12,24,12,24,12,24,12,24,12,24,12,24,12,24,12,24,12,24,12,24,12,60,12,24,12,60,12,24,12,60,12,24,12,24,12,24,12,60,12,24,12,24,12,60,12,24,12,24,12,24,12,24,12,24,12,24,12,24,12,24,12,24,12,24,12,24,12,24,12,24,12,24,12,24,12,24,12,60,12,24,12,24,12,24,12,24,12,24,12,24,12,24,12,24,12,24,12,24,12,24,12,24,12,24,12,24,12,24,12,24,12,24,12,24,12,24,12,24,12,24,12,24,12,24,12,24,12,24,12,24,12,24,12,60,12,24,12,60,12,60,12,60,12,24,12,24,12,3300"
30,50,"sendir,1:1,1,33512,1,1,168,72,12,60,12,24,12,24,12,24,12,60,12,24,12,24,12,24,12,24,12,60,12,24,12,60,12,60,12,24,12,60,12,60,12,60,12,60,12,60,12,24,12,60,12,24,12,24,12,24,12,24,12,24,12,24,12,60,12,24,12,24,12,60,12,24,12,24,12,24,12,60,12,24,12,24,12,24,12,24,12,24,12,24,12,24,12,24,12,24,12,24,12,24,12,24,12,24,12,24,12,60,12,60,12,60,12,24,12,24,12,60,12,24,12,984,168,72,12,60,12,24,12,24,12,24,12,60,12,24,12,24,12,24,12,24,12,60,12,24,12,60,12,60,12,24,12,60,12,60,12,60,12,60,12,60,12,24,12,60,12,24,12,24,12,24,12,24,12,24,12,24,12,60,12,24,12,24,12,60,12,24,12,24,12,24,12,24,12,24,12,24,12,24,12,24,12,24,12,60,12,60,12,24,12,24,12,60,12,60,12,60,12,24,12,24,12,24,12,24,12,24,12,24,12,24,12,24,12,24,12,60,12,24,12,24,12,24,12,24,12,60,12,24,12,24,12,24,12,24,12,24,12,24,12,24,12,24,12,24,12,24,12,24,12,24,12,24,12,24,12,24,12,24,12,24,12,24,12,24,12,60,12,24,12,60,12,24,12,60,12,24,12,24,12,24,12,60,12,24,12,24,12,60,12,60,12,24,12,24,12,24,12,24,12,24,12,24,12,24,12,24,12,24,12,24,12,24,12,24,12,24,12,24,12,24,12,60,12,24,12,24,12,24,12,24,12,24,12,24,12,24,12,24,12,24,12,24,12,24,12,24,12,24,12,24,12,24,12,24,12,24,12,24,12,24,12,24,12,24,12,24,12,24,12,24,12,24,12,24,12,24,12,60,12,24,12,60,12,60,12,24,12,60,12,24,12,3300"
30,75,"sendir,1:1,1,33512,1,1,168,72,12,60,12,24,12,24,12,24,12,60,12,24,12,24,12,24,12,24,12,60,12,24,12,60,12,60,12,24,12,60,12,60,12,60,12,60,12,60,12,24,12,60,12,24,12,24,12,24,12,24,12,24,12,24,12,60,12,24,12,24,12,60,12,24,12,24,12,24,12,60,12,24,12,24,12,24,12,24,12,24,12,24,12,24,12,24,12,24,12,24,12,24,12,24,12,24,12,24,12,60,12,60,12,60,12,24,12,24,12,60,12,24,12,984,168,72,12,60,12,24,12,24,12,24,12,60,12,24,12,24,12,24,12,24,12,60,12,24,12,60,12,60,12,24,12,60,12,60,12,60,12,60,12,60,12,24,12,60,12,24,12,24,12,24,12,24,12,24,12,24,12,60,12,24,12,24,12,60,12,24,12,24,12,24,12,24,12,24,12,24,12,24,12,24,12,24,12,60,12,60,12,24,12,24,12,60,12,60,12,60,12,24,12,24,12,24,12,24,12,24,12,24,12,24,12,24,12,24,12,60,12,24,12,24,12,24,12,24,12,60,12,24,12,24,12,24,12,24,12,24,12,24,12,24,12,24,12,24,12,24,12,24,12,24,12,24,12,24,12,24,12,24,12,24,12,24,12,24,12,60,12,24,12,60,12,24,12,60,12,24,12,24,12,24,12,60,12,24,12,24,12,60,12,24,12,60,12,24,12,24,12,24,12,24,12,24,12,24,12,24,12,24,12,24,12,24,12,24,12,24,12,24,12,24,12,60,12,24,12,24,12,24,12,24,12,24,12,24,12,24,12,24,12,24,12,24,12,24,12,24,12,24,12,24,12,24,12,24,12,24,12,24,12,24,12,24,12,24,12,24,12,24,12,24,12,24,12,24,12,24,12,60,12,24,12,60,12,60,12,60,12,60,12,24,12,3300"
30,100,"sendir,1:1,1,33512,1,1,168,72,12,60,12,24,12,24,12,24,12,60,12,24,12,24,12,24,12,24,12,60,12,24,12,60,12,60,12,24,12,60,12,60,12,60,12,60,12,60,12,24,12,60,12,24,12,24,12,24,12,24,12,24,12,24,12,60,12,24,12,24,12,60,12,24,12,24,12,24,12,60,12,24,12,24,12,24,12,24,12,24,12,24,12,24,12,24,12,24,12,24,12,24,12,24,12,24,12,24,12,60,12,60,12,60,12,24,12,24,12,60,12,24,12,984,168,72,12,60,12,24,12,24,12,24,12,60,12,24,12,24,12,24,12,24,12,60,12,24,12,60,12,60,12,24,12,60,12,60,12,60,12,60,12,60,12,24,12,60,12,24,12,24,12,24,12,24,12,24,12,24,12,60,12,24,12,24,12,60,12,24,12,24,12,24,12,24,12,24,12,24,12,24,12,24,12,24,12,60,12,60,12,24,12,24,12,60,12,60,12,60,12,24,12,24,12,24,12,24,12,24,12,24,12,24,12,24,12,24,12,60,12,24,12,24,12,24,12,24,12,60,12,24,12,24,12,24,12,24,12,24,12,24,12,24,12,24,12,24,12,24,12,24,12,24,12,24,12,24,12,24,12,24,12,24,12,24,12,24,12,60,12,24,12,60,12,24,12,60,12,24,12,24,12,24,12,60,12,24,12,24,12,24,12,24,12,24,12,24,12,24,12,24,12,24,12,24,12,24,12,24,12,24,12,24,12,24,12,24,12,24,12,24,12,24,12,60,12,24,12,24,12,24,12,24,12,24,12,24,12,24,12,24,12,24,12,24,12,24,12,24,12,24,12,24,12,24,12,24,12,24,12,24,12,24,12,24,12,24,12,24,12,24,12,24,12,24,12,24,12,24,12,60,12,24,12,60,12,24,12,60,12,24,12,24,12,3300"
31,25,"sendir,1:1,1,33512,1,1,168,72,12,60,12,24,12,24,12,24,12,60,12,24,12,24,12,24,12,24,12,60,12,24,12,60,12,60,12,24,12,60,12,60,12,60,12,60,12,60,12,24,12,60,12,24,12,24,12,24,12,24,12,24,12,24,12,60,12,24,12,24,12,60,12,24,12,24,12,24,12,60,12,24,12,24,12,24,12,24,12,24,12,24,12,24,12,24,12,24,12,24,12,24,12,24,12,24,12,24,12,60,12,60,12,60,12,24,12,24,12,60,12,24,12,984,168,72,12,60,12,24,12,24,12,24,12,60,12,24,12,24,12,24,12,24,12,60,12,24,12,60,12,60,12,24,12,60,12,60,12,60,12,60,12,60,12,24,12,60,12,24,12,24,12,24,12,24,12,24,12,24,12,60,12,24,12,24,12,60,12,24,12,24,12,24,12,24,12,24,12,24,12,24,12,24,12,24,12,60,12,60,12,24,12,24,12,60,12,60,12,60,12,24,12,24,12,24,12,24,12,24,12,24,12,24,12,24,12,24,12,60,12,24,12,24,12,24,12,24,12,60,12,24,12,24,12,24,12,24,12,24,12,24,12,24,12,24,12,24,12,24,12,24,12,24,12,24,12,24,12,24,12,24,12,24,12,24,12,24,12,24,12,60,12,60,12,24,12,60,12,24,12,24,12,24,12,60,12,24,12,24,12,60,12,24,12,24,12,24,12,24,12,24,12,24,12,24,12,24,12,24,12,24,12,24,12,24,12,24,12,24,12,24,12,24,12,60,12,24,12,24,12,24,12,24,12,24,12,24,12,24,12,24,12,24,12,24,12,24,12,24,12,24,12,24,12,24,12,24,12,24,12,24,12,24,12,24,12,24,12,24,12,24,12,24,12,24,12,24,12,24,12,24,12,60,12,60,12,60,12,60,12,24,12,24,12,3300"
31,50,"sendir,1:1,1,33512,1,1,168,72,12,60,12,24,12,24,12,24,12,60,12,24,12,24,12,24,12,24,12,60,12,24,12,60,12,60,12,24,12,60,12,60,12,60,12,60,12,60,12,24,12,60,12,24,12,24,12,24,12,24,12,24,12,24,12,60,12,24,12,24,12,60,12,24,12,24,12,24,12,60,12,24,12,24,12,24,12,24,12,24,12,24,12,24,12,24,12,24,12,24,12,24,12,24,12,24,12,24,12,60,12,60,12,60,12,24,12,24,12,60,12,24,12,984,168,72,12,60,12,24,12,24,12,24,12,60,12,24,12,24,12,24,12,24,12,60,12,24,12,60,12,60,12,24,12,60,12,60,12,60,12,60,12,60,12,24,12,60,12,24,12,24,12,24,12,24,12,24,12,24,12,60,12,24,12,24,12,60,12,24,12,24,12,24,12,24,12,24,12,24,12,24,12,24,12,24,12,60,12,60,12,24,12,24,12,60,12,60,12,60,12,24,12,24,12,24,12,24,12,24,12,24,12,24,12,24,12,24,12,60,12,24,12,24,12,24,12,24,12,60,12,24,12,24,12,24,12,24,12,24,12,24,12,24,12,24,12,24,12,24,12,24,12,24,12,24,12,24,12,24,12,24,12,24,12,24,12,24,12,24,12,60,12,60,12,24,12,60,12,24,12,24,12,24,12,60,12,24,12,24,12,60,12,60,12,24,12,24,12,24,12,24,12,24,12,24,12,24,12,24,12,24,12,24,12,24,12,24,12,24,12,24,12,24,12,60,12,24,12,24,12,24,12,24,12,24,12,24,12,24,12,24,12,24,12,24,12,24,12,24,12,24,12,24,12,24,12,24,12,24,12,24,12,24,12,24,12,24,12,24,12,24,12,24,12,24,12,24,12,24,12,24,12,60,12,60,12,60,12,24,12,60,12,24,12,3300"
31,75,"sendir,1:1,1,33512,1,1,168,72,12,60,12,24,12,24,12,24,12,60,12,24,12,24,12,24,12,24,12,60,12,24,12,60,12,60,12,24,12,60,12,60,12,60,12,60,12,60,12,24,12,60,12,24,12,24,12,24,12,24,12,24,12,24,12,60,12,24,12,24,12,60,12,24,12,24,12,24,12,60,12,24,12,24,12,24,12,24,12,24,12,24,12,24,12,24,12,24,12,24,12,24,12,24,12,24,12,24,12,60,12,60,12,60,12,24,12,24,12,60,12,24,12,984,168,72,12,60,12,24,12,24,12,24,12,60,12,24,12,24,12,24,12,24,12,60,12,24,12,60,12,60,12,24,12,60,12,60,12,60,12,60,12,60,12,24,12,60,12,24,12,24,12,24,12,24,12,24,12,24,12,60,12,24,12,24,12,60,12,24,12,24,12,24,12,24,12,24,12,24,12,24,12,24,12,24,12,60,12,60,12,24,12,24,12,60,12,60,12,60,12,24,12,24,12,24,12,24,12,24,12,24,12,24,12,24,12,24,12,60,12,24,12,24,12,24,12,24,12,60,12,24,12,24,12,24,12,24,12,24,12,24,12,24,12,24,12,24,12,24,12,24,12,24,12,24,12,24,12,24,12,24,12,24,12,24,12,24,12,24,12,60,12,60,12,24,12,60,12,24,12,24,12,24,12,60,12,24,12,24,12,60,12,24,12,60,12,24,12,24,12,24,12,24,12,24,12,24,12,24,12,24,12,24,12,24,12,24,12,24,12,24,12,24,12,60,12,24,12,24,12,24,12,24,12,24,12,24,12,24,12,24,12,24,12,24,12,24,12,24,12,24,12,24,12,24,12,24,12,24,12,24,12,24,12,24,12,24,12,24,12,24,12,24,12,24,12,24,12,24,12,24,12,60,12,60,12,60,12,60,12,60,12,24,12,3300"
31,100,"sendir,1:1,1,33512,1,1,168,72,12,60,12,24,12,24,12,24,12,60,12,24,12,24,12,24,12,24,12,60,12,24,12,60,12,60,12,24,12,60,12,60,12,60,12,60,12,60,12,24,12,60,12,24,12,24,12,24,12,24,12,24,12,24,12,60,12,24,12,24,12,60,12,24,12,24,12,24,12,60,12,24,12,24,12,24,12,24,12,24,12,24,12,24,12,24,12,24,12,24,12,24,12,24,12,24,12,24,12,60,12,60,12,60,12,24,12,24,12,60,12,24,12,984,168,72,12,60,12,24,12,24,12,24,12,60,12,24,12,24,12,24,12,24,12,60,12,24,12,60,12,60,12,24,12,60,12,60,12,60,12,60,12,60,12,24,12,60,12,24,12,24,12,24,12,24,12,24,12,24,12,60,12,24,12,24,12,60,12,24,12,24,12,24,12,24,12,24,12,24,12,24,12,24,12,24,12,60,12,60,12,24,12,24,12,60,12,60,12,60,12,24,12,24,12,24,12,24,12,24,12,24,12,24,12,24,12,24,12,60,12,24,12,24,12,24,12,24,12,60,12,24,12,24,12,24,12,24,12,24,12,24,12,24,12,24,12,24,12,24,12,24,12,24,12,24,12,24,12,24,12,24,12,24,12,24,12,24,12,24,12,60,12,60,12,24,12,60,12,24,12,24,12,24,12,60,12,24,12,24,12,24,12,24,12,24,12,24,12,24,12,24,12,24,12,24,12,24,12,24,12,24,12,24,12,24,12,24,12,24,12,24,12,24,12,60,12,24,12,24,12,24,12,24,12,24,12,24,12,24,12,24,12,24,12,24,12,24,12,24,12,24,12,24,12,24,12,24,12,24,12,24,12,24,12,24,12,24,12,24,12,24,12,24,12,24,12,24,12,24,12,24,12,60,12,60,12,24,12,60,12,24,12,24,12,3300"
32,25,"sendir,1:1,1,33512,1,1,168,72,12,60,12,24,12,24,12,24,12,60,12,24,12,24,12,24,12,24,12,60,12,24,12,60,12,60,12,24,12,60,12,60,12,60,12,60,12,60,12,24,12,60,12,24,12,24,12,24,12,24,12,24,12,24,12,60,12,24,12,24,12,60,12,24,12,24,12,24,12,60,12,24,12,24,12,24,12,24,12,24,12,24,12,24,12,24,12,24,12,24,12,24,12,24,12,24,12,24,12,60,12,60,12,60,12,24,12,24,12,60,12,24,12,984,168,72,12,60,12,24,12,24,12,24,12,60,12,24,12,24,12,24,12,24,12,60,12,24,12,60,12,60,12,24,12,60,12,60,12,60,12,60,12,60,12,24,12,60,12,24,12,24,12,24,12,24,12,24,12,24,12,60,12,24,12,24,12,60,12,24,12,24,12,24,12,24,12,24,12,24,12,24,12,24,12,24,12,60,12,60,12,24,12,24,12,60,12,60,12,60,12,24,12,24,12,24,12,24,12,24,12,24,12,24,12,24,12,24,12,60,12,24,12,24,12,24,12,24,12,60,12,24,12,24,12,24,12,24,12,24,12,24,12,24,12,24,12,24,12,24,12,24,12,24,12,24,12,24,12,24,12,24,12,24,12,24,12,24,12,60,12,60,12,60,12,24,12,60,12,24,12,24,12,24,12,60,12,24,12,24,12,60,12,24,12,24,12,24,12,24,12,24,12,24,12,24,12,24,12,24,12,24,12,24,12,24,12,24,12,24,12,24,12,24,12,60,12,24,12,24,12,24,12,24,12,24,12,24,12,24,12,24,12,24,12,24,12,24,12,24,12,24,12,24,12,24,12,24,12,24,12,24,12,24,12,24,12,24,12,24,12,24,12,24,12,24,12,24,12,24,12,60,12,60,12,60,12,60,12,60,12,24,12,24,12,3300"
32,50,"sendir,1:1,1,33512,1,1,168,72,12,60,12,24,12,24,12,24,12,60,12,24,12,24,12,24,12,24,12,60,12,24,12,60,12,60,12,24,12,60,12,60,12,60,12,60,12,60,12,24,12,60,12,24,12,24,12,24,12,24,12,24,12,24,12,60,12,24,12,24,12,60,12,24,12,24,12,24,12,60,12,24,12,24,12,24,12,24,12,24,12,24,12,24,12,24,12,24,12,24,12,24,12,24,12,24,12,24,12,60,12,60,12,60,12,24,12,24,12,60,12,24,12,984,168,72,12,60,12,24,12,24,12,24,12,60,12,24,12,24,12,24,12,24,12,60,12,24,12,60,12,60,12,24,12,60,12,60,12,60,12,60,12,60,12,24,12,60,12,24,12,24,12,24,12,24,12,24,12,24,12,60,12,24,12,24,12,60,12,24,12,24,12,24,12,24,12,24,12,24,12,24,12,24,12,24,12,60,12,60,12,24,12,24,12,60,12,60,12,60,12,24,12,24,12,24,12,24,12,24,12,24,12,24,12,24,12,24,12,60,12,24,12,24,12,24,12,24,12,60,12,24,12,24,12,24,12,24,12,24,12,24,12,24,12,24,12,24,12,24,12,24,12,24,12,24,12,24,12,24,12,24,12,24,12,24,12,24,12,60,12,60,12,60,12,24,12,60,12,24,12,24,12,24,12,60,12,24,12,24,12,60,12,60,12,24,12,24,12,24,12,24,12,24,12,24,12,24,12,24,12,24,12,24,12,24,12,24,12,24,12,24,12,24,12,60,12,24,12,24,12,24,12,24,12,24,12,24,12,24,12,24,12,24,12,24,12,24,12,24,12,24,12,24,12,24,12,24,12,24,12,24,12,24,12,24,12,24,12,24,12,24,12,24,12,24,12,24,12,24,12,60,12,60,12,60,12,60,12,24,12,60,12,24,12,3300"
32,75,"sendir,1:1,1,33512,1,1,168,72,12,60,12,24,12,24,12,24,12,60,12,24,12,24,12,24,12,24,12,60,12,24,12,60,12,60,12,24,12,60,12,60,12,60,12,60,12,60,12,24,12,60,12,24,12,24,12,24,12,24,12,24,12,24,12,60,12,24,12,24,12,60,12,24,12,24,12,24,12,60,12,24,12,24,12,24,12,24,12,24,12,24,12,24,12,24,12,24,12,24,12,24,12,24,12,24,12,24,12,60,12,60,12,60,12,24,12,24,12,60,12,24,12,984,168,72,12,60,12,24,12,24,12,24,12,60,12,24,12,24,12,24,12,24,12,60,12,24,12,60,12,60,12,24,12,60,12,60,12,60,12,60,12,60,12,24,12,60,12,24,12,24,12,24,12,24,12,24,12,24,12,60,12,24,12,24,12,60,12,24,12,24,12,24,12,24,12,24,12,24,12,24,12,24,12,24,12,60,12,60,12,24,12,24,12,60,12,60,12,60,12,24,12,24,12,24,12,24,12,24,12,24,12,24,12,24,12,24,12,60,12,24,12,24,12,24,12,24,12,60,12,24,12,24,12,24,12,24,12,24,12,24,12,24,12,24,12,24,12,24,12,24,12,24,12,24,12,24,12,24,12,24,12,24,12,24,12,24,12,60,12,60,12,60,12,24,12,60,12,24,12,24,12,24,12,60,12,24,12,24,12,60,12,24,12,60,12,24,12,24,12,24,12,24,12,24,12,24,12,24,12,24,12,24,12,24,12,24,12,24,12,24,12,24,12,60,12,24,12,24,12,24,12,24,12,24,12,24,12,24,12,24,12,24,12,24,12,24,12,24,12,24,12,24,12,24,12,24,12,24,12,24,12,24,12,24,12,24,12,24,12,24,12,24,12,24,12,24,12,24,12,60,12,60,12,60,12,60,12,60,12,60,12,24,12,3300"
32,100,"sendir,1:1,1,33512,1,1,168,72,12,60,12,24,12,24,12,24,12,60,12,24,12,24,12,24,12,24,12,60,12,24,12,60,12,60,12,24,12,60,12,60,12,60,12,60,12,60,12,24,12,60,12,24,12,24,12,24,12,24,12,24,12,24,12,60,12,24,12,24,12,60,12,24,12,24,12,24,12,60,12,24,12,24,12,24,12,24,12,24,12,24,12,24,12,24,12,24,12,24,12,24,12,24,12,24,12,24,12,60,12,60,12,60,12,24,12,24,12,60,12,24,12,984,168,72,12,60,12,24,12,24,12,24,12,60,12,24,12,24,12,24,12,24,12,60,12,24,12,60,12,60,12,24,12,60,12,60,12,60,12,60,12,60,12,24,12,60,12,24,12,24,12,24,12,24,12,24,12,24,12,60,12,24,12,24,12,60,12,24,12,24,12,24,12,24,12,24,12,24,12,24,12,24,12,24,12,60,12,60,12,24,12,24,12,60,12,60,12,60,12,24,12,24,12,24,12,24,12,24,12,24,12,24,12,24,12,24,12,60,12,24,12,24,12,24,12,24,12,60,12,24,12,24,12,24,12,24,12,24,12,24,12,24,12,24,12,24,12,24,12,24,12,24,12,24,12,24,12,24,12,24,12,24,12,24,12,24,12,60,12,60,12,60,12,24,12,60,12,24,12,24,12,24,12,60,12,24,12,24,12,24,12,24,12,24,12,24,12,24,12,24,12,24,12,24,12,24,12,24,12,24,12,24,12,24,12,24,12,24,12,24,12,24,12,60,12,24,12,24,12,24,12,24,12,24,12,24,12,24,12,24,12,24,12,24,12,24,12,24,12,24,12,24,12,24,12,24,12,24,12,24,12,24,12,24,12,24,12,24,12,24,12,24,12,24,12,24,12,24,12,60,12,60,12,60,12,24,12,60,12,24,12,24,12,3300"
